edad,ingreso_mensual,antiguedad_cliente,saldo_promedio,cantidad_productos,transacciones_mensuales,uso_banca_digital,deuda_vigente
33,1187224.1895817374,3.7685753967360585,327955.2604979982,2,36.682619712304785,56.74226908925047,5607063.62732155
23,805220.950869539,2.3315874555166225,222298.43362358416,2,46.60236051825422,81.03727981033846,415814.4108393197
61,5072503.2977367425,18.607886324374174,6563730.036706431,7,48.8232956620605,58.11874807433239,2104868.2486644015
40,1758074.3198196078,3.829426024835197,1380473.1321016222,3,60.57740969919206,78.56468428995626,2867756.472176367
54,3643012.3903903337,17.40565153953836,7189198.694867614,7,43.44450308564562,69.42591606985657,1064639.2579428158
53,4471734.96571084,10.368397018167968,7995189.747523425,6,36.73679625597255,51.094504201524124,1526650.8137908448
38,1836564.037019071,3.917769321296593,743205.0227818422,3,44.088266072356575,62.12509526347337,3173658.4424103405
43,1531565.1821467073,6.6520791633882155,416980.7830033581,3,36.80567413538938,77.02339894003376,6585021.618245172
24,1035074.0946478394,2.2763714979486225,459096.66577767633,1,58.935684702469,87.56067458439902,561040.4935033588
62,4629073.238394828,15.048076241694103,6579510.008404369,5,33.231156774325385,41.97616637170907,2284767.4020379554
18,860959.8292881325,2.492344985822084,117016.49621190352,1,57.71631297938268,96.28615738427098,290435.0593289408
57,4488480.229249946,14.378461099570707,7602568.186908238,7,49.145986848529674,36.82479872644666,1569805.5869769382
53,4760649.181970999,18.318915448685395,7051016.454002556,6,52.54177343510973,48.6785717626164,1753093.584573431
38,1612656.5383102412,8.602010731039151,710945.3183277611,5,69.10526510865532,84.23068650510847,2405477.3528240663
27,489265.93446312676,2.431421120660688,356319.6377061637,2,51.50559392052227,94.40740556723324,337223.7216630698
21,900076.022757975,2.1801650251848694,175008.20061913165,2,40.405113913134265,77.56685410507764,989723.620484665
39,1773932.8669326599,5.831307633371494,1241492.3817401882,5,72.84178273579023,84.09930134655292,2771663.348867464
24,841880.9902257406,2.7569591618884233,295366.9595322048,2,31.130871042956954,88.9644729589855,576720.5444286051
49,1524296.0631183533,6.7211876972652815,326858.6824515972,3,36.456951997913876,69.80050508619202,5565156.172695229
32,1316604.692587378,6.942877405977569,395989.1191385806,4,39.820016923539846,50.8927171717776,5994934.647286195
33,1402339.2485000943,4.514067720546253,838920.5586878762,3,62.999243085434316,75.16279451687197,2832188.4059384447
42,1289524.319307109,4.603009595145683,616548.0828500133,4,39.108742615957325,73.40227829856181,7087399.292210881
49,1416801.1207142733,7.707658899136428,416833.2168005446,4,21.07019946401607,54.49008666198075,5826159.165877315
45,1882328.5526119466,4.97164162946267,805699.4970375858,4,81.70519107177388,77.85712906800464,2304902.710884011
52,1870182.709642651,6.65016723321052,467183.9962817416,3,36.30440337790644,48.47076571549002,6434486.465005779
26,931723.406796634,1.2725830241496094,162977.67527925255,1,42.031897891101266,84.61076934169692,797907.0808208426
61,4354127.989272231,10.8940692643336,5704651.308049027,7,38.10175027804726,44.24526838831625,1819069.1168633807
37,1852408.0244737794,6.517603504434174,1758479.8778240483,4,53.79569182197714,75.88378194623382,2554951.5973276175
33,1671166.6369202023,8.082202873283547,683466.444383166,3,74.70477957030815,86.71828073805827,1263328.2969183377
22,860144.717006162,2.3007067568084514,329498.52144227515,1,31.321483325369748,86.76245364931358,258354.1466028023
36,2006652.0289789648,7.151405579578203,976828.0316477048,3,59.48901890940848,68.91566906045665,2353256.1794156497
39,1578293.1513676858,10.78837748964803,1899006.7651689912,5,66.14280897617235,78.40944967078732,1918377.0057791884
36,1683065.8595347924,10.998144221371646,1389389.9085108566,4,53.0569768609764,62.85310858372979,2622204.762553772
36,1583982.0909245668,8.459800033922832,1065046.8476283618,4,71.39744885866656,63.36761225267759,2870249.9936840893
38,2017686.3474471003,4.440807747126408,1651498.622682439,5,61.42528870877954,71.84152574606506,1623899.7078103418
27,843809.3730272378,2.6185020776932895,277134.7374751355,2,44.182841478036906,82.80912457840029,757819.2057383843
46,1335361.4264547194,4.584238968211368,239953.9986021436,3,29.611018063611453,53.39131616375827,4561624.972914931
49,4889106.174814984,15.960918848047832,8433391.106419174,8,34.50586756032076,73.55927577946206,1686023.5654631613
35,1711491.771591384,6.0178980811337945,800116.0026934668,5,34.294796163222,90.35864612139274,1970418.8886509154
21,970167.0591202313,2.6213300148815804,451124.211985185,1,36.37584293134174,82.65018254554512,432436.43764374807
21,1043315.5371518546,1.7001826161024403,260205.6588999087,2,52.06636236352825,90.4492522958981,636656.9323080542
24,1649666.276534852,3.4739471423015313,459172.0079370054,3,37.38812162519096,74.88427443808854,6729057.845859124
26,954100.3525586291,2.761922593626711,444011.32850349566,1,37.57668539635355,100.89677320497627,538991.312786598
36,1932521.1269491476,4.885014801709543,1142864.4442904613,5,59.837870020509,86.64763864140691,2763759.5396737917
44,1378622.2722441251,8.40908302395069,242260.22130937388,4,36.64137211711382,51.26240307171048,7579114.563641323
31,2023523.8282478866,5.072101593751869,1227275.2042294021,4,31.61379179371677,64.35527874346916,2462241.8808499947
39,1354709.9352394731,7.4523118165466835,887359.6479700358,5,52.88429158617213,86.79708279702041,2752903.654453151
46,1242896.3495776018,6.683811850929913,1061293.8393364877,4,54.101871091767954,68.18801278738586,2534953.096468038
20,701256.8293649706,1.625115924818517,211641.26874719793,1,40.23966381178439,76.79559136080704,493351.9749433077
63,1413365.0217462901,4.296770989660055,537347.1087349426,3,37.146231771571316,60.65105496862016,5646269.647294003
70,5610473.405017472,16.077563491786417,8295077.552868779,7,44.12723519605306,58.75181218557746,2014057.5422125964
17,770404.6784145518,1.6790124161469189,533413.8391568515,2,36.218394314591855,86.07081363339843,675581.569459014
49,4523712.192760921,16.213367351803225,7682363.038969032,7,39.28144752482355,64.19474641402094,1726550.5133171494
21,1002494.4784704624,0.4025057263582088,294126.42089996976,2,46.84271184591663,93.79949536713563,682368.7589823208
42,1610852.1576090124,7.06935048734616,1026736.0021586305,4,86.21929792042756,57.80102485940294,2515271.2333692242
54,1482618.4724006094,5.755210833075176,311071.7612287924,2,44.10015298858679,56.96820317241429,6456608.108838815
57,3801922.9502317775,19.90387063015502,6927933.262391499,6,32.10951370775426,60.58040672647947,2083845.5150822615
49,1490787.5137412231,5.136858932200731,438229.1240104804,3,29.553101556648457,68.34235275868927,6232462.2744811205
53,4388226.450004319,17.420424547950226,5540451.965664959,8,35.84815271224016,43.09137608905425,1597354.5620712643
19,1136013.5314980845,0.712038985641972,375836.53457161726,2,52.11170019719778,92.7915033632819,359878.4098809977
47,4959870.925153718,11.879804548717289,5622111.623863534,7,26.91058190837459,63.822633812045595,1500557.4187941784
44,2490421.6312141945,4.741961361366652,1251055.6130482543,5,52.84603306245263,83.09659645601063,2238291.018210441
54,1160426.0281230663,5.154410251234319,433005.86727804574,2,43.48284296435985,53.105543107430854,5416488.623522406
37,1852445.9306854235,5.970711068247435,1735425.0293425354,4,58.59309114098159,78.3225741963032,2673696.2030925886
42,1849595.8593349436,4.644904360018191,434015.4934311684,3,40.43443077144312,69.34664507886446,5841983.581905312
46,1403945.8773099575,4.964281687350226,254479.32920780353,2,33.39524188414942,66.0177792749305,5561365.718922572
42,1927143.447049252,4.893984636380511,1708985.9813371385,4,69.62344976744632,77.29612744232465,2566424.8992422614
53,4062155.461611745,13.077055144656832,7359225.914487273,6,44.721423098236706,51.564772423619196,2022917.9916963056
20,1105775.5510150134,1.6524773887376951,266582.88708967646,1,47.888767600990455,90.76692781857876,553209.5991836641
65,4074833.35063938,14.131204848045485,7554218.477680204,5,48.8877272527875,58.97196629008529,1963614.290807986
61,3777552.7070017615,13.056425488991298,7003490.573005671,7,24.88381498262642,63.940572275482744,2156706.618943205
19,876530.3269473806,1.204823017233477,240035.66589060583,2,37.967057044689966,88.13318055217466,542079.5296673415
48,5726030.474964764,21.124673023311722,6895631.714888833,6,40.89215316156888,67.29863371862267,1661629.530235455
38,1580983.1757857727,7.620292567476204,1250815.7976254367,3,58.36407330428636,94.83513431666938,2398450.296674734
42,1586796.3320267207,5.323939162758091,1149164.8623085595,5,75.19353992606182,81.4323508638292,2515500.633187294
20,704876.3209695999,3.7315394331805045,321431.3871404015,2,45.585297172281905,94.18091868817214,398390.21913145453
50,1186229.338412778,5.951087896726734,287794.60501838813,4,18.69164951089882,40.80163046505867,7550256.5264487555
45,2172686.38653909,7.922122640412223,1393652.077235154,5,68.07204832261976,71.47286128310922,1801867.0084050596
19,889532.6880361462,1.207703011272176,386274.9154646398,2,53.65193938658277,84.17220672045431,306983.6162895687
44,1320048.472726923,6.421800521610933,228097.22781440258,4,28.86964817134126,77.69551022363098,5825064.161376034
28,1021397.0477969549,1.4866997052212758,262846.7755748652,2,45.20806383190797,95.45712312199593,402669.93063987326
27,1921615.853931196,8.678499596371054,1243353.2214926707,5,40.96554455538814,75.7829469565534,2007920.7375124672
51,4004704.450752193,11.919320554426589,6695710.406020605,6,36.44681041276862,59.91151153227554,1267853.5212619468
40,1739499.2378897357,4.258188818989733,504860.10172866,4,32.05475751006132,41.50127116821701,6231973.6243424
48,1187247.7459756308,6.690120098176897,530180.8707194114,2,31.91265697938242,69.08255908341027,5991104.71491491
57,4631801.150162516,16.610911930676913,5641522.194910466,7,44.63581846188303,60.09961693394595,1432248.5750078312
43,1344921.6050514693,3.713033848520004,472182.976486332,3,46.02756807935354,78.7784574404121,4993720.503114984
26,1190489.8023614495,1.5386428533572012,333692.4608421407,2,37.32969910909475,91.62791453074713,352701.93515794026
27,775596.4035713025,2.507052818085918,186437.6702624863,2,40.26594613702375,88.71315381254497,532952.4304801213
47,1496877.332884105,6.7123929975700065,452856.4557952872,3,38.77885469166266,62.97130127967383,5523055.739627927
41,1358770.6362695443,4.22084179431709,465434.6833523163,2,33.21966838184943,55.236099313826145,6553485.713279388
45,1027232.8257309766,2.381437634048226,143194.24743858495,4,43.506835344679445,66.59508189870982,5460352.85546051
15,904087.4501145021,2.4671610517091933,449397.66849156487,2,55.68568705908607,92.35123741335084,390130.36687585193
35,825186.7324917363,1.0075725225008083,197914.14994181824,2,32.09494583961361,88.88432966167106,699551.5926205101
43,1282761.791080707,3.351562029683005,350512.2177023282,3,33.58910794249039,73.39351896162852,5238201.570608371
39,1570088.420874289,3.7564017471681925,581403.6613293253,4,32.966434242974756,53.23207329941781,6526983.025128637
38,1728069.1379568328,6.040812500560849,1520454.329726353,3,55.40149021218952,72.86284482909228,3330817.2218795987
55,4242427.447685157,12.377871504591678,8011885.918187004,8,39.17744969372539,64.98207440225018,1495879.7419892794
50,4504184.311887087,9.871988556962343,6575837.454247292,6,29.471308030279538,42.46702947587464,1895994.6726494948
28,1403944.5316802275,1.1584346861017236,312151.091254133,4,44.83761098551585,61.93286335166411,7612245.644609197
39,1995024.8184619043,9.009237384696906,961877.7662699663,4,62.818395053507906,82.32786459342049,1151054.6463521519
34,2086858.5518173743,7.668914795054813,1299223.2691689737,4,59.45002123663537,66.0988224745101,2716534.149120922
28,985927.2830889839,0.6579118187244801,321119.22409045947,1,36.38811194322152,90.00239711182864,556733.4646521382
48,4771007.334231495,18.37150286297291,7555326.605839806,5,37.18003993353573,40.54461311633265,1106814.5050524818
18,1066802.0162880216,1.8534513953246936,245162.3971732423,2,46.80175780164951,82.29422315019477,567617.5694590056
42,2225999.919164124,8.1867856131305,1501703.0598279114,5,64.39351980071642,65.17793911199043,2900373.586134986
36,1306871.1393886853,7.462044148195081,1220827.0153477385,4,46.65394172881827,69.16064791674616,3556259.2373359445
24,974587.1679985487,1.0979689875118384,283520.9240480246,2,40.44269740599684,90.61634169259806,519299.2574521018
40,1851251.6420717845,7.673721616529857,954876.8283293503,4,67.52091668081454,71.99755822898392,2725554.959948611
34,1909729.518438644,5.880037277256285,1582840.2945903235,3,44.450291406313454,74.69122806967067,2481226.9662033017
47,1809806.2110688507,6.5272975474119175,1105711.1331176732,3,61.275718520009434,54.24187800428107,2879033.1880112803
49,3955135.633058796,16.892287115994982,6360473.226057788,5,37.08778076430907,53.25304030747579,1706402.8394000717
28,2263962.3879698655,6.804321394258234,1292213.6543853194,4,67.48569883835718,74.4804497629973,1544398.819880733
35,1608673.176542428,2.93259698132135,271871.4639652391,3,26.28932189579984,90.6883613416536,8050691.944056411
21,2177176.064528025,4.105563824038161,1796662.0233808008,5,62.24021713442131,77.98288436660059,3083441.607218761
24,1168116.6053212723,3.658669961477109,207127.12465394184,2,28.16071993918724,95.64647957545387,495187.21028471476
53,4296278.906550717,16.242475266155395,10007908.975177709,6,31.846254590274945,50.24163473484748,1429820.1662847223
34,1524010.6204395816,7.532550541689741,1283955.3481674772,4,45.34294620787549,78.92647671939748,2154866.563265591
24,1062931.3444449361,2.751798818404075,534524.8270589411,2,57.47913468162926,92.29868697647525,679575.2182973602
45,1619949.1704273769,8.124658663536147,517905.8596186959,3,27.578007213895845,92.29083064473156,6740849.015429047
37,1377986.3721388013,4.4194755944812805,615351.7432054349,3,33.61695652733308,81.17043561941912,5696197.1139213005
46,1690541.9560754583,4.438260275817118,751308.2719095434,3,47.25946092314853,81.09958935801134,2883495.333505641
51,3676410.0579837924,16.751367409337597,7201530.107752186,8,37.17289390925489,50.30837645082847,1432752.1264823028
27,869970.4383296212,4.3924268182638375,308880.6912237663,2,34.83613480994687,86.39508382960332,490716.9655896904
28,844623.6044416267,3.226734059296545,452656.1495485042,2,28.685596327071867,82.9420225524508,527203.6676421362
49,4721521.145021932,23.626264146234483,6668089.035898827,6,34.18919179362933,45.945295770311716,1381046.2591461493
32,549895.6379783414,2.308914025942046,283702.38777269033,2,38.27300895429493,84.1997973477747,458568.63077830785
32,1594504.643031149,5.297448506806193,739833.8102520648,4,45.14272456311542,68.45577328065009,2727601.9050248917
50,4445131.238740198,9.24924202192654,6294145.104847526,6,48.26230274816647,50.826241545024985,2399775.741759646
23,901502.1085080645,2.7667748548223936,337593.7845917469,1,32.19866835990943,92.98930811109473,619285.6856499129
54,1312602.9091891686,5.4892971143669795,490129.61847158294,4,30.31817978599463,64.65355336444298,6533090.595933616
45,1454501.9204880092,4.410893183438717,589824.0004770998,3,41.2571771146245,60.83429981374451,5668101.094512885
44,1881559.735145294,5.079931343991097,1468337.7521554183,4,55.01686391822587,79.04890581212781,2412137.2118316195
38,1903543.3506779794,9.456125614516605,1725056.640337274,3,56.830855551309604,76.09912470993447,3194103.128640765
36,1720922.2457326006,7.7017144724644355,1515828.6056569929,4,75.1941551877436,69.91756667923774,1911551.1206537033
49,4153870.011586466,12.678023677608845,6725417.334457078,8,43.74034316831395,53.31331142683551,1614361.4027826895
52,1707433.479908559,6.4599204107820025,406739.39991917793,3,37.124087338781855,63.382501278392525,5021288.110468317
38,1546846.8689590553,6.959307978723123,477480.2076407331,3,23.282886455332036,66.17009923795898,4931626.974457761
38,1162283.5603465848,5.94297414485895,487564.89934593736,3,32.82761619273479,69.11920884406084,7179289.075379108
53,5150335.363346159,16.183590601553988,6939084.564616606,6,60.349591971319825,60.851036070781596,2151872.916687178
49,4001118.741359149,16.498148362046628,8477939.275222372,6,32.89418881435005,51.95635154600505,1537228.5877139282
24,967888.7599664076,1.0775783680004238,255225.2280224939,1,42.51973774946423,90.15222517015708,521926.5818102002
31,1079527.0747577175,5.295305237706108,286712.884642922,4,44.773389696991416,57.22824329941235,6079015.082898374
30,1669875.7367961695,8.95405684096453,1191351.09619717,4,68.49714237871794,69.801464509392,1827759.0283581559
41,1550402.0166636803,3.2687739948123316,462091.9848716394,2,27.075517028514742,62.57684239356682,6634813.197522822
31,1978082.1483866614,6.9929116075851505,910658.4300363179,3,56.70918256837312,87.04766307295114,2243544.494699809
37,1497600.8241269204,9.315219193166882,1430108.8233719652,4,68.63747587555076,77.71143543330656,3103150.3334835405
48,4720026.902285343,10.768949090426549,8459950.292779097,6,30.27599906865378,60.297468080757895,1569548.9958359548
29,919958.847929321,1.8181683760877394,309188.82878429384,1,47.634034097002754,81.97489108975385,531226.4572875745
25,896467.4384622707,0.3850013534813401,195051.26292190113,2,41.95371559971028,83.09723664044543,561279.428833271
40,1640903.1491197743,5.212415463641902,334360.78973264433,2,35.15565861723959,62.979128735055404,7303582.727500618
33,1254603.60131813,6.016398414404607,1251971.7003802,4,75.85175604352224,90.13590343101993,2483061.584240213
37,1879004.638421111,5.945251940376323,1379013.757908918,5,59.26631628443699,69.35048082951315,2182673.826237728
44,3977258.5930200787,13.633445787996916,9390038.324206397,7,35.24003560681227,45.81867429796816,2267016.3278102065
17,985645.4341036521,1.399353953069233,271433.6279964889,1,43.53231510230815,98.78041162133367,502779.9099295143
23,1124147.1884420272,1.5239567908354585,352383.14784373913,1,45.31390387852686,89.40441263983577,355656.41200782656
35,1747520.7168574198,7.720048385112172,677750.3848385187,4,46.74114578629876,64.47043929066075,3299421.6916300906
51,1444053.1988781136,1.773149496994519,370314.19555824704,3,23.4250953466833,62.25559240928041,5998916.390482124
36,1636114.209653583,7.784322648351298,913877.3641424789,4,59.530854587287585,79.92086539570428,3260055.843283481
28,1516165.985332066,1.880512798215714,429992.66434839903,4,34.19593464886067,60.18769582605331,5950365.971455406
35,1650309.3689842091,7.760020848009066,1291419.7274688752,3,62.858993684461346,76.13666380651368,3480727.1798265344
33,2183439.4246292296,6.926952211782331,1049088.1583989584,5,68.19832222193052,80.91324818568802,2980910.3802942317
29,1076668.5440843774,2.7987351332404082,332535.37164885516,1,25.03960074484793,97.04010661514816,457633.66671032656
50,3247479.5962243774,10.806110848523069,5563542.576515058,6,42.05434922882012,63.423914046487994,2564815.2068060506
55,1338034.1984693755,2.9925108959632016,203433.98785671528,3,29.241453378728455,71.30411703560357,4958480.317943574
53,4193181.2127955183,17.125502195520525,7101937.369391193,6,44.74751839892162,47.20261850857538,1809395.3637043927
47,1726051.9935134884,2.920286498417136,420236.5280338138,2,23.400717911639475,80.61484540912242,4854496.988006324
46,4182025.750638232,8.374012612348066,6431816.098119529,8,40.0506079156928,52.796714491141444,1334592.6171325091
29,933311.2183036883,2.44235542587552,276374.58528844826,1,41.61654726821141,86.3307152685067,523672.034796504
38,1985575.619321052,3.688876184021511,447915.09655338194,3,21.848397740962863,90.10105005740795,5662978.932784041
56,4463632.365928555,17.190144762025028,7550275.0202545915,7,52.20441136358125,65.92029631394198,2534829.0492589865
28,1817647.5107793957,6.981729234989502,1266577.171254235,5,57.65457380757323,84.85395553557068,2342658.7140049716
47,1212218.3499181755,5.388657349701695,115707.11092483561,3,36.816608993011684,72.69687834995565,5769973.571655002
29,1403230.9556288165,0.8521075584026336,228755.21927520246,3,28.34585094802223,79.80228409347339,6715900.411570682
26,1068168.1975588629,2.181548028747706,421412.91079375433,1,56.638926390607196,90.920622892661,450249.01851128484
62,4763332.478655999,10.072533893590133,9720499.190451369,7,36.499328253747194,51.40320958029055,1431289.4248043098
39,1222347.7109375377,7.812917012545791,1187101.2715540929,4,77.36959418311886,78.25518637341489,2643617.1447134246
56,3885699.646130163,16.26549491936588,7151767.584438168,8,39.391499093732094,37.521362788790576,1664195.2807580517
43,1913582.9840437488,6.642641996790382,621291.3399544962,4,40.216225983846186,79.18413445013933,1913332.1506402295
31,1416438.1451092602,6.37243717000241,469513.09242939414,3,37.548331219509265,63.75626726229621,5091921.783148956
52,4344408.798011785,18.250018919496156,6622421.284564114,7,34.818810392126245,58.805636809217454,1710321.9700415507
40,1753537.5691135619,7.328902044535577,1680366.2124775106,4,57.801800679983614,83.0250057532619,2718215.09161027
39,1388058.3631864586,6.777640828462502,454174.086096989,2,39.26697986047694,75.4250102877825,6277251.78131759
52,5067707.151098145,19.862390013540736,7922233.67985638,5,40.738691840373974,61.975416698946546,1847507.6480138572
37,2108088.922344661,4.460845546498431,1337501.61748482,5,48.542737800888304,65.63045184766567,2194243.69746334
31,1831750.05446189,7.945452295014666,1789651.208729516,5,36.28619232547155,67.51237251310488,2904844.498603472
34,941562.4120004154,3.7034590495503963,215353.81468797193,3,42.93983866936662,54.58113924196182,5849571.576655194
37,1408675.0593035026,4.446608688073493,336858.2649701168,4,36.171705691080554,78.25468783903366,5181128.258937115
58,4978165.250705324,16.79226720516671,8002167.902083909,6,23.954975988908885,41.81559190238431,1153361.0433184174
45,4308470.505365507,15.566899095420426,8191121.344546868,5,34.065959847218586,42.03164968649834,1316756.1710235225
35,1839055.8501019876,9.170851500719714,1144544.5145544116,5,30.53995128427631,65.17102765886992,1793265.4076714194
27,1049405.5408186726,1.9131618325268014,158221.0478234098,1,42.62490347346089,90.72174898744879,443737.47778289625
55,4070403.411114012,13.648302923377974,7706200.511245856,7,32.84321177007181,72.26193000320512,1407256.5944499485
27,829165.9240765817,2.3537697112674945,319964.01840774494,1,51.92260082525777,94.72641996219942,538298.8118588026
25,1021325.8860565878,2.661462384133952,468877.4824874899,1,46.51708524460784,90.75934245377186,461670.5537943954
25,553927.3174880985,1.5830479467955112,325191.83320846653,1,70.4681218813818,94.68111434610961,540733.4223333283
40,4844513.26595558,15.012206973853276,8227727.478360988,8,41.108554172949106,63.52403911414591,1510249.1584086798
42,1740278.4797665488,7.874225932217189,1162468.8910332646,5,75.30901249984754,76.33359494925843,3159267.685866541
33,2167187.2547581233,7.019651747160084,1135789.401481098,5,59.98276697464442,70.11377694330577,2307982.003130547
38,1317378.5321679867,9.369171526871463,277168.71631606686,4,36.94852406191544,80.41092748132355,5695374.017825486
54,1248037.9449619746,3.994865923889614,535265.4384667408,2,35.55289947161871,60.168405631169136,4789646.294811355
42,1894365.2756206247,6.229670838299531,1117351.520834723,3,51.148494635223706,67.6130727406559,3281636.8864383623
22,769286.8915142913,-0.524226884358991,342148.1118767522,1,41.314965338563184,98.28163359253756,247750.1057265949
40,2013433.4088454517,7.4684732721172,784225.0020993669,3,65.82422234404099,81.25733407646356,2778602.743026491
23,1024680.4219889891,1.6843765781451183,348619.8613465398,1,33.780963750292614,90.20742760767828,628436.4653396441
26,1088346.031303086,1.987345399938451,254739.62551338103,1,51.91095213772756,94.6838523513425,373510.8174381363
48,4456069.153038081,14.08586929992882,7439782.11060168,6,49.772132418691555,49.00035679253833,2026183.1663187884
47,4941466.578810522,10.697537299089785,7096924.364799034,8,43.787890833213666,61.600983800570944,2197846.2107070633
35,1861962.2930521572,8.656447980046512,791866.9730164895,5,34.089615134789554,82.68094278863471,2311313.390595611
30,953626.2869811918,2.3226305864730827,302254.0509002204,1,60.91499091532364,99.33596506118809,632073.0213030091
51,1160299.9693684368,5.722418645271033,277834.22896308923,3,29.981796427122784,53.906913001084426,3849827.5955290655
28,1042257.8067831848,2.185463287060426,257674.79985457452,2,62.929905342046915,84.77069177870898,665586.0349917356
18,888210.5578215333,3.6291365680285974,163175.93816101432,1,53.261553313479745,88.38393941400183,354938.466248349
22,750389.775362429,2.103613898629791,189408.82821222307,2,60.90986834368929,95.18946796919936,505661.1349244937
33,1679111.0239920458,6.3686576910336825,1025533.8650298142,4,67.31436519638457,64.85430101969783,2968605.9794000536
46,2072160.6638214956,5.986514975845789,490229.36003871646,2,38.66934310330089,33.4369213864062,6319969.910807101
49,4886713.598242278,17.303994402592423,5527529.814153707,5,51.19869412274558,70.69325079897907,1777361.485405533
26,920784.7926892634,0.7159601928100865,361113.7123009397,2,35.26493548389793,95.9434608197431,536361.464034298
24,662734.7804948712,1.629361481056832,254714.16941400245,1,38.66782294954773,91.06429131652143,678566.973221703
51,4548130.027318215,13.14976364157785,6619494.432412956,8,35.61262193402484,67.00142117114758,1623404.432787475
37,1601798.7084965697,8.41561530496853,925687.4522719128,3,78.89887992284741,84.46755775087094,3085388.1462014066
28,887017.6699782143,2.6156701860373133,323613.5011785666,1,43.799410580083276,92.16229717378685,482060.671822008
41,1807638.7865252786,5.017941930005767,1512674.6467882565,3,69.11136023449816,79.27898908592525,2755229.1566364854
59,4994330.529298697,13.888008107448208,7347692.45564319,8,39.909231872519655,53.43684004829903,2525772.5960519994
35,1467063.3526155537,4.8828404631500915,417337.6343735551,3,28.165996411911163,50.80386733234076,4523416.796816601
49,1833315.2760129487,8.146331264297778,562440.2357928965,2,37.922606546317056,56.58406135088988,5671420.965909254
15,1071162.2254094128,0.5374343837766526,409752.3197456477,1,46.02897911657996,85.8839465198112,520120.96374308865
32,1016159.8516215683,1.4404931574932536,256736.42945407535,2,32.68384406124613,94.62142595281267,551763.8998919337
35,1749300.2468100346,2.4226016600797218,475304.96761463076,2,32.51290417416757,68.5885283958517,5045963.980863081
27,991541.6818638558,2.7157564596837163,233565.2940463322,2,49.24608161439965,88.15874768156262,359443.01233688614
47,1243728.8088314408,6.967110217681527,580648.7915708038,3,26.980342370238503,57.738342031720904,5818785.726648269
19,801791.2168796977,1.3773202698437916,303285.45439616457,1,38.15186270872936,86.41139774591802,390374.0083689126
53,1825387.9197608323,5.6051366157454,452550.7418442671,4,17.31723473243285,44.12145644977148,6664343.37034839
62,4390972.509727381,13.55926911100892,6696083.157130219,5,34.28807063693499,58.43822113100666,884842.7053782103
35,1476407.4346274158,7.904699374658094,447302.69674933504,2,39.53059470744236,70.86732394013002,5852097.849618944
17,1026927.3950024262,2.833449429109711,350139.82978216297,2,56.19508630488879,92.25663230348906,150354.6063635153
42,1558932.736163477,9.412465074477204,1042393.5918541565,4,56.489480938794415,73.63993403952665,2130261.5746226185
39,1714735.6688800482,10.701265153893315,1044550.7919052296,4,50.04808758385964,80.8828152619513,1609869.9589332095
53,4448105.6263081115,12.44778428585959,6403287.994041199,5,43.78470168119388,51.710346108571784,1666254.593926629
38,1877479.714457793,7.392883507156879,1399970.2391531025,3,78.05023995312692,69.31738899478891,3039979.6581521304
37,1580580.2398858373,10.98472652649087,1475865.8427053867,3,59.57828988319025,82.42179549036784,1905831.0369334435
48,5579663.051690284,13.480082648016179,7083989.884020253,5,42.91983343671832,58.13420422514904,2117974.5244517643
32,1459296.6596714444,10.080000646539176,1116738.401398076,3,86.84551666136223,92.85460857241321,2688839.5236785035
38,1419289.9412503478,4.6887875222186945,1122941.806252807,4,50.438620159582655,67.36201519092299,3168386.161398138
59,4869055.896242569,8.508956325487212,6775404.872121646,8,34.93233434263357,57.80750528081501,1490579.4636814767
27,707415.849813205,2.3047860270748703,491058.11674595193,2,45.28903849406035,82.15866862429988,765351.2532937336
33,1513140.1699010786,7.350820492833018,1570194.8114854079,5,58.161150904304186,79.57389488305178,2390576.2066363283
31,1550429.3997011206,4.561146504203052,354458.60604413506,4,35.24457719787397,42.569855253438,6527542.20668183
34,1519231.5458287206,7.407587477265452,1310724.3174883702,4,72.08845564141933,65.59124219570923,2634083.634024998
74,4394242.583409905,15.273620383346229,9166473.919556096,8,36.97165631435016,35.39870692602643,1505624.6727848074
37,2124343.5132327657,3.5167433909147707,1199289.23147423,4,58.92167302862416,74.98679289228951,1622842.9958377052
19,608121.5610926384,2.220063045832241,225481.18876489627,2,61.317048863881,86.90939181175325,514167.47040801734
58,4646104.0338217765,16.5953596836266,4342438.354081901,8,41.218254686251925,55.84622536156006,1766176.2671244554
23,932573.4708471091,1.5078288023851378,308657.4489480204,1,25.492841417925316,89.79641710847571,595754.5767763141
51,4616359.736532554,17.86141973587766,7379590.605913506,6,45.00870611624845,38.77826819220371,1396680.4367697926
35,1542723.9791976975,7.414825925845536,1355457.8535516693,3,88.68298632506082,74.27366185515233,1686328.0997879864
30,2232977.573300136,8.43982322125281,1332897.8804255894,3,78.48347987064378,79.70375749753458,1053375.894125688
45,1682765.7280185774,8.202294453309086,1086158.5133603103,3,61.734567172665784,76.51990053743039,3297000.6676073135
45,1429275.798702476,3.3847215473075996,156119.64485345554,4,33.58437392682958,53.84842667854904,7016946.4202761995
54,4864578.927970187,17.70008969528705,6568095.797511956,8,42.591658371850215,60.60692613544053,1633181.5558626389
31,820582.3617104559,2.339502445548649,415235.460951588,2,55.165377376286415,86.7197304353338,469601.7007432611
39,1245818.3125014054,8.008310678628025,438847.9106486088,3,34.209144986957256,72.11328610392776,7052107.487615855
17,868669.133984927,1.6155454682916455,237093.96462907857,2,50.05556249249996,90.68259108933424,715517.8680236065
56,4362341.702806929,14.473656854180614,9242360.769983761,5,41.81512997454218,40.56793178267347,1628014.8013133758
35,2009143.0136426722,8.188224791322412,1162255.4146669342,3,63.01033222068754,75.27618997561117,2581344.917898339
40,1843609.0843407675,5.600533891407048,267643.4338427016,2,20.488732864767893,74.03167340746458,6010893.80042426
19,808020.292327726,3.7299608298524225,323210.48122228566,2,35.07307076111309,95.77519376682945,549946.7226079329
24,546799.3891417924,1.4189069281500575,172183.87779184987,2,63.72044647841194,92.39994691330912,140242.1370923678
23,636449.3261644244,1.1009880726866577,327519.11340454523,2,32.740763499642505,95.45274653581414,670872.3693957578
43,1584551.8002431595,6.822556899748293,1157331.0612077988,5,67.88955767238254,71.40556009240161,2586037.53412848
74,4437169.412952682,13.847326507985294,6950069.746924793,6,34.50918923603207,62.41019397733207,2631639.3300495753
37,1330389.4635326872,9.004686178870744,331721.4980891573,3,40.32522138514982,57.32848857377854,5971805.727520606
27,902094.6130955075,0.35228867504577943,314262.4029812269,2,26.1337189872007,89.10298834065165,646508.1138416484
31,1227015.916301787,2.93909050325933,617854.3068417374,3,36.486883206292305,42.569750669891995,5987996.587851569
47,1575075.8525241476,2.1655163382452955,651232.3111342444,4,32.5181192997686,74.64939443671018,4537298.376256798
30,1677996.4043342194,5.446928852116641,702104.1468553499,3,40.250740756748044,66.89984601228427,5950851.566272323
45,1352516.1099648306,5.844674975669356,992059.4011420896,5,47.690722512134215,68.36325370049228,2369925.6428819764
28,963935.9740448158,-0.2341824491797433,433717.85884795885,1,46.4439485006836,95.48746687396732,845990.4164671111
59,4851489.362294743,17.730245627577666,4960928.513696803,6,31.178474371748656,53.8670780710085,1758078.4217928925
25,1148482.3296717638,2.8420681013256868,118215.86852957102,2,36.07811136240111,85.65982659486542,774425.3900030695
46,1688170.1745280859,8.580986711596623,424336.3956493163,2,39.71844479242447,64.28957860108163,7814988.066834919
51,4336283.069662166,15.964313202442526,7448000.10596618,5,38.37363386471604,55.54471091463418,1375226.2020041845
39,1958583.5101229637,3.932372949453375,1382044.7343641976,3,70.6630393432739,66.86699532598561,3541285.3486796664
67,4171250.646121533,11.935080836110217,5552556.391837634,8,31.828543194866256,63.949409938505674,2107050.487901968
48,3967079.3254888,13.934553537094788,8332712.910958781,6,54.39477609377181,57.569696080528246,2044168.9962667688
18,1121695.0331959103,1.0834173807871208,171657.34827005197,2,40.89468511898121,100.95476723715771,476306.0712793832
28,740216.9028770173,2.507484844563835,315075.2107470471,1,46.21298231771668,88.82617752307695,728377.8460788403
27,1359103.4129600334,7.517379349532083,457626.0532844855,4,20.127585613232146,73.72309309698089,5540492.180259909
28,1132420.6897224414,2.503595712985727,180713.53687881413,1,44.60022102269068,90.0622794874334,172466.44071120722
21,919005.266700992,3.0915333155415397,353165.1496834425,1,43.564650725021835,89.36444666382226,471242.8872236158
57,3759857.8659537677,15.812896183184014,5263308.022492021,8,34.53833502840011,64.0862961622425,1707140.813634274
50,1306369.981616504,5.6525471433475225,333843.70223115734,3,18.28173322160495,90.54185978654847,6264155.564243433
46,4566890.925818861,16.174383821158553,6587888.111171796,5,46.917647436292064,56.44702458753007,2274605.3902525366
38,1624600.384983797,6.475830227298658,602586.7715687933,2,38.27427316490373,73.50825796910483,3985199.7249454847
41,2217278.0277896286,7.1043293926836615,1767976.9285856462,5,48.563293883716945,79.5968006506313,2196037.352630082
34,890649.8995527148,1.590576995055611,258125.3662741959,1,40.717918946907105,94.62194863016514,364411.9235213953
21,997983.679920103,3.413438092034033,291047.4333087434,1,40.219473917618885,87.02807799116694,308175.610239506
47,1030280.8046297694,6.20486311474572,524245.50982766756,4,30.818294231572075,71.80607896406553,5874741.235790927
31,1564460.1720779792,5.785475420847777,233257.5554069806,3,38.7428668879105,61.62909843853585,6519348.36160762
21,944339.8323842644,2.2257962367497224,229690.2182859989,2,29.9635198342598,102.29698218075418,656122.0491438047
46,1709916.048402891,6.922436940655643,1051164.545218941,4,45.72035220162856,78.37389730198107,2261335.073505198
26,897064.590827249,1.411635061537139,290281.4583162998,1,43.10642229878876,81.54194225563731,439353.59226203134
47,1538911.5367990131,5.091230761976985,497410.20882950653,4,35.839352122676594,70.90256448242464,6453718.383427522
52,3839612.611363123,12.224730987663365,7165903.008440898,8,35.447110992637384,46.34120991835851,1397540.2245259287
44,2270159.1664625383,10.641948518109224,1071374.3369733654,4,89.36843413884833,74.11390617678911,2257639.0538466536
39,1697186.054419326,4.581761514988981,371382.1585207875,2,4.872650926404532,60.578783582960064,7373433.2090410255
63,4071223.1985887457,15.79575983220861,7552774.513066721,7,39.288361841998764,39.20832170948155,1442320.9967660755
61,4992541.704599591,8.598900980362467,6949304.722760577,7,42.4804497379949,32.13530039708789,1732249.122674183
37,2101309.37734855,8.413739902670354,1227521.4368753673,5,72.33830868884911,77.7057957943141,2571852.9113888904
31,898565.3905070503,4.106032594864885,332246.30749490607,1,57.15182704958931,94.53880166065076,453167.9205974434
40,1756115.4223879124,8.435713159138048,1720142.8848933377,5,67.88408686183848,69.83036856903334,2150158.1777310623
57,1686360.9610909538,7.384114083375989,458668.6173055242,2,33.42139100204892,76.11457740015044,6114425.473265611
58,3960614.192650358,8.809809231015574,7655543.744316775,6,44.494123666745125,49.29313573645385,2134757.228017067
34,1875523.3718360674,8.768300493095083,1441874.3115131916,4,59.97478365895929,64.65666605422189,2754776.2921835133
44,2253873.133733215,6.438473838270649,1398265.5636874717,4,67.37199171627798,71.56851872722054,3251915.643937226
36,1851990.1778718673,9.4167762119977,1107782.5260390877,5,83.27194244168047,73.05609220524538,2741137.364449681
38,793537.156629227,6.9555750361025845,557228.5001139148,4,25.959165469120663,49.33339902792309,5532168.291456535
39,1625187.440330962,6.6828385580660505,416449.3618102238,2,33.8065772487994,53.384064962274245,6181835.1409108555
47,1930767.4624328404,4.0258987190419555,275173.36929843563,3,34.38635491083011,73.47440903344885,7644071.362221771
43,959779.7898902488,5.251217410744587,614379.8023813423,4,41.04870896094247,76.67458932806834,6620931.70096661
23,714097.8857595469,1.0754376742455687,204834.3959327004,1,57.087800537936204,93.1889082110888,882520.5699738128
38,1423716.048873004,3.9716657800613264,399694.558481321,2,42.76197140492601,64.50064389991091,4894372.803435488
25,884705.0989426211,2.1805117926120783,362364.06586137885,2,41.87536278419294,84.95968125123704,465538.2579301199
29,722578.4921769085,1.6124097827824548,101219.71794752663,1,35.56496212134672,92.82660485326782,307407.2179193268
43,1662843.9241567417,8.538002228122778,1186493.5990412892,3,66.60824016744237,71.32268691960691,3486166.1597498995
39,1857026.0589899682,7.568066306909004,1399382.5545269623,5,68.25338798589922,69.34503938239621,1967237.3503910862
44,1597166.987613406,6.942907980545337,334815.22617085057,2,30.306076704369232,72.50705622986797,7385732.366180118
40,1936075.2463024599,7.018286281922366,985370.0091066405,3,71.45699593945349,83.40301891658001,2974476.186906822
26,1234293.62086804,3.2088225055117343,468749.928787079,2,41.884977445406044,49.65151698371736,5346136.653095085
34,1703329.6905020864,8.963248899905352,829054.697189157,5,52.37309338348008,77.09195389473575,2443070.5162766105
25,826484.0402519142,1.3665393271658508,364476.4702429823,2,42.84821091859852,95.93855079078786,657581.0768444141
38,1963114.2629398424,5.755522210776585,1589790.0501032153,4,46.023270105707574,72.266516390615,2811129.7971305843
50,5129863.189437337,17.262145631533027,8084337.545094275,5,35.53971913862281,43.089886749227475,2098092.599203844
40,1748387.5808377427,3.6808750716933907,1117092.8147379337,3,62.168998893480264,76.81714338635956,2091153.0221688487
25,646926.8552797907,2.8033301434622757,352635.90152390365,2,48.02420044477308,86.6496346479441,659485.2329401071
39,1434940.4930769645,3.591641758202817,445749.9006506998,4,40.37738002423603,93.7759793687384,6691514.652578757
25,1054070.6306120255,1.0644086563362225,273854.61199578847,1,45.330080626355205,87.2071177230827,518366.14456349757
18,995384.8220922397,0.8436765090975866,324942.1649838147,2,54.89536733242851,89.86410281318037,655404.8136608975
55,4987510.674594707,18.66589189173128,7403414.371177008,5,34.12901592210792,58.43937605556816,2286768.1559570017
45,1670899.8296905926,7.230303950391553,490467.6298913567,4,47.12093513446138,58.961900728702815,6615000.573254495
53,5159110.849171857,16.741803798770434,7281567.04749811,6,41.21065882829825,40.55884892132497,1951031.91241307
27,905117.4209624012,2.0258044505154644,338672.9115664695,1,41.59215897434714,85.51129583054694,567866.4026937301
42,1402195.1548274588,3.3491292650511006,369776.23119299114,4,42.40235958655556,67.77873768102502,7318857.932081861
35,1611981.4385496695,8.63708542429764,1528018.919012003,5,61.58999835337735,80.71877765030224,2544659.5765156844
36,1528048.507714932,4.964998461244349,1108816.7921824018,5,44.98887445334675,77.3551205199554,2976225.699874599
45,1252383.891510034,2.382532102139951,160475.99204683903,2,33.050605407273785,54.275825312379006,6761492.215773726
26,674387.5801836918,2.571241057527013,289907.2118008761,2,40.481547961730016,94.26571634496639,516391.5679553473
49,1356390.6455980255,5.586245398895243,382311.9234974245,2,40.78194365916428,53.15780225719589,7073189.23117866
53,3814380.709729532,22.008049177801247,5408397.232574603,7,46.191192857618084,52.01181809030471,2012255.746418805
29,2188852.069585562,3.873170840628939,1075995.2290856184,5,56.20449756658012,86.452137878863,3016976.1045817346
23,772966.690620794,0.1193200103302432,299370.8493998726,2,40.83178831852297,83.56589636497827,602897.3006089827
23,1017734.9921080063,1.823621829628225,253944.57754898604,1,55.246517167268614,93.02711069633074,295598.4828477934
47,3338605.949333609,16.446471990512208,7666581.119759182,7,54.064926871228664,62.47949430421209,1464944.1996594216
36,1667003.5558102082,6.138981549676839,407437.51053437666,4,23.595538538498598,76.72740548975267,6354838.283132844
25,1129349.5324174028,3.2197709797528518,312840.90046337893,2,42.26170046048328,86.19580958863287,306886.7379844772
33,1961693.263891812,6.457031155220833,951814.4690936436,4,58.596983224611336,82.07942415220153,2910273.13898121
35,1366354.7141384245,6.94463239684716,414482.1354805053,3,27.632066589895796,71.42365667209033,5088998.447245392
51,1203426.1727788718,5.977006581955052,727094.3010155838,4,33.41422037715655,56.1779303612398,5376489.891762773
62,4321030.863363351,18.49418694088827,5985547.241133202,7,37.4150365086114,57.79605421856296,1848404.643005018
55,3685460.6547106397,14.799525319216206,7469036.840078139,8,46.75062171119474,50.77411681985569,1385622.7971107794
25,1069326.7519792737,1.8240637266845436,360680.8747271173,1,17.64210801010038,93.59384495884105,449478.5675546621
25,657927.1787355968,1.1308427336914626,85832.77895525564,1,43.71976731466856,80.98277600321671,598072.6769333461
27,2333113.8162114327,5.952847651927905,949672.1410074905,4,79.66506320553262,61.03969326673373,2661365.677451135
22,1046726.0503564642,1.4310565747261168,272797.1756117815,1,23.823398517742515,79.41426949981161,691156.0573745065
37,1792568.3095260356,8.259937231511042,1175282.320582198,3,54.69578763972845,81.81410032711776,2481122.5106870946
22,819941.5802014776,3.424566868020407,252310.80736365137,1,45.55299950090403,96.22763112825619,463401.6270272147
44,1304809.689107407,7.172943263887991,388289.0311400509,3,40.11943975589348,80.46204785037321,5560447.598066517
22,641375.3959350053,2.260018911102856,381165.6481595666,2,42.09455702837312,92.61828369615945,395221.7399294699
61,4559753.804894274,7.030482745835821,6939899.081175846,7,47.260852821810445,61.22104660979121,1924928.851635903
19,899307.6437743125,3.3873259686715547,333914.6374140617,2,35.05684109455239,96.61041643269503,511495.690329713
46,3758589.7290576687,14.027521693501075,6363484.4998917915,5,42.70409903221572,47.85385085832109,1790220.416292966
46,1647408.5787310207,6.464218436044576,479094.1882330936,2,31.300166531701255,62.4379874354317,5474960.371754457
23,644544.4455809718,-0.1433155339804948,211576.93938190752,2,45.9112097793309,90.43066009607863,728060.3627282409
30,1604792.645515658,4.008310447129238,232660.13729579528,4,30.888788057203634,79.87512254554926,5831469.774479947
52,1772664.729679628,1.4126189254827466,257205.0983171054,3,30.198078372297317,62.4584260713814,7536596.363603471
46,1339033.9376231227,5.87765318653876,470687.0592181857,3,25.90350732645164,92.52665040560328,5160782.815925734
32,743483.9728982227,2.4471983532385853,188719.10651487514,2,34.603357817279516,82.43311525853127,582219.1443801116
38,1322512.2934333559,8.202333374166043,440429.3243860132,4,48.95536138126442,89.42241059758123,5570193.953089142
16,1595005.3096805245,5.868531613171792,222367.6482559559,4,26.593977704968957,74.85167038328532,4624256.1426377585
49,4835021.384019303,12.213740091134873,6582009.657003843,5,28.93981461494357,68.82166708343024,1343528.868153851
59,4707023.93951645,14.034999293121498,6317760.571242681,8,45.80365001466912,60.573543721640114,1873658.070311023
46,2020885.706237377,2.1154325280329784,900513.6933580257,5,61.31046086150273,82.83439588276525,1857771.830103761
24,1029825.8947430627,2.7853298526608143,301945.08333522413,2,40.309093435176884,83.80499478879837,654460.1422257951
36,1909292.2297343945,3.7474110883192964,444219.88524145546,4,35.569771526156096,50.55722789861335,6268847.78010913
57,4084722.460475255,17.043786130534052,7263987.089720949,5,36.58836534648446,69.65637113863019,1238221.1827088767
35,1634851.1519622863,10.004462413285124,1112616.5610965192,5,49.27874379158795,85.1170315640804,2547036.076046896
29,1601845.051268847,6.970478605320855,912711.7856063684,5,42.10241088539165,82.31350072679963,2469213.9952416853
46,4959941.985602143,12.045737953506972,6172204.5001484025,7,35.03680905303853,55.863813895863046,1596977.9297898405
41,1528624.314455381,7.621192663643569,1321041.446820399,4,41.40225446982296,79.8910885898488,3236005.9608223382
63,5092907.063333304,17.739233206857023,7506636.412751414,6,48.1587558922904,56.183903261497235,1846217.2092108394
42,1855087.9087776595,5.637705527582247,218876.9082858681,4,39.242093273594385,83.55598757449303,6221329.203016711
42,1599906.0389460046,4.807141435368706,488223.4376057732,2,32.685988400138974,54.19855291983652,4983193.394036466
26,692573.8380960037,2.4305769366496057,267442.06869932375,2,46.25828214425527,80.85441186634958,628693.6997490653
40,1346750.5451877117,6.321348564289431,2176247.7094417443,3,42.90018774629513,64.58384145140407,2240272.7035211893
36,2133426.79990567,3.856610627755538,1551894.4459514443,5,50.17963366997624,76.5882644621383,2955231.6258228053
36,1990959.494889744,9.414596481139156,1106990.6909789403,3,77.9755738444294,79.90957201404571,2854947.4458188415
46,4845531.737581675,16.280909344796758,7335292.384449733,5,34.008045473283964,40.73240679523307,2130178.0057490184
37,2265196.505863959,4.846785229025796,472376.63815642183,2,41.59887975742455,54.741862943576535,5837274.648069097
31,741833.8369313898,2.59148599603572,315727.9007851816,2,51.9945070768677,85.22298003283774,383848.14468212693
40,1829514.0651636624,8.852999174520912,958058.8501383441,4,65.02080398562384,65.96942210891041,2971412.222931094
34,1990927.84376596,8.989133015648482,1514263.6929223123,4,50.414134425088285,78.88113497136844,2060975.937565986
25,835881.1141602222,4.5618488661165095,361117.40318245464,2,63.94037484739162,93.86803247545805,641171.5391263228
36,1874625.9830546994,10.36078481106893,1635951.1803469998,3,65.23603272328856,73.61185380014123,3211163.607190229
30,1799709.6710619659,6.295447330159702,1437005.745279129,3,55.50647124140734,75.79478538995262,3698473.855961173
27,798302.0371429926,3.834661094803036,244444.97644300974,2,47.1342665585479,105.83708289625444,554823.4082471358
39,1764290.1129356471,8.927994000639679,981660.4267298749,5,54.00353302099448,71.37474807893182,1758234.9862030428
56,1587502.1243901928,3.6382981803732672,516056.2836103338,3,32.17386609971159,40.272867831965925,7477051.285332853
27,805476.9341283584,2.003134053035478,546479.382753855,1,45.094727190706216,87.73530819602436,714719.4905423392
37,1354301.13508538,6.194599743131748,1358456.880913785,3,72.54094264217456,70.71532945424241,2660621.801333676
57,4954023.351829281,14.175025547731384,7175997.015252463,5,44.4382293971479,53.49336217423573,968861.6502379652
41,2016586.7383027605,9.71791551706713,1588609.919993459,4,67.62414192471952,72.33790933752664,2939740.2880135393
42,1808522.1452451209,8.23699765118577,1120216.6449217496,5,73.17926452011794,62.64102939878506,1696252.1381818224
57,1342086.184986353,2.138324804899691,361595.26089651487,3,30.464589319286475,38.6571675995072,4699467.930617908
47,2049087.3027847004,6.033471269529792,1528419.9288216415,5,81.38308425454656,78.65454303081717,2339668.666183872
23,867444.3489762644,0.9210269391446935,226512.90638401214,1,44.7979001665806,86.50750307050285,130802.77657056198
56,4340396.426128745,9.983697451948629,6494125.784685866,8,34.85029046584573,58.905866451253914,1815438.5845298483
19,889433.3385356786,3.0331963928969183,333206.07530078985,2,53.5111418292338,90.7121489615499,501875.9217520321
20,919740.9081912726,2.4831384814466633,274795.76542813465,1,68.34026741291183,74.01157569998712,627438.1017352702
26,1285298.7040820508,2.920188620413417,206439.25494280126,1,44.929329128596336,96.09031901600781,309688.0774162086
39,1351291.0024228883,3.22231525276729,191431.13567183123,4,32.17666131658799,64.63524967634997,5351139.037137535
36,2024810.4001509775,10.840048543030615,1174182.1258523788,4,74.44676234252837,69.42379861902018,2158808.9174476326
30,922086.4613210136,1.531081883019162,305448.6759037273,2,64.3181941002404,94.90012716459734,377753.63277086907
46,4387197.34690346,18.00648660196578,6791291.513845344,5,35.416056699276076,53.13981329401956,2281434.0082675996
31,1624270.971048221,5.883033365194145,1277227.2564777515,5,55.212544749216214,72.97279516383982,2949849.4142403887
62,4505405.869946905,13.628788840738387,7340902.971512703,5,39.50915919172963,56.0411260794751,1382058.0689109736
38,1457489.328128518,3.0291025145267376,471550.1022539983,2,18.282552350322277,60.985339114104974,5045395.496729175
55,4738085.083139151,12.417748993018865,6642551.197601679,5,52.855390067261624,44.73586802264848,1883649.8845951986
51,4939047.650088941,10.017682879139308,7330555.014587793,6,44.51319457929818,43.171752045776834,719805.5198622225
40,2101565.1213303977,10.036441023656725,1199132.7626446846,3,48.708101669351194,76.16468462695613,1884552.581829382
57,3749691.5045761177,14.808655466586815,6999750.520174827,8,27.896213124632588,59.10594206126208,1779445.7313653864
28,768163.5311372159,1.5783930822405392,341056.22496963193,2,49.484176651624445,97.65277996325506,451742.29809101264
46,867316.4250927173,2.665837449418484,303437.895672723,3,35.66660865149014,54.521463327947245,4517796.812562701
44,4790817.5201075,16.915818645814657,8859560.82362745,7,32.78636472068589,39.198635056472924,1887830.1133424102
38,1757885.4717477295,7.214356258494836,1228313.0988838507,5,65.52727913111755,76.72915241936347,2419950.2657419248
40,1876355.5623196359,2.375636036938549,343574.67293067614,3,38.35264745880512,62.536464541176436,6744881.527441368
45,1827986.3002263876,5.226035790691326,598079.5401787527,2,58.73345194379831,62.16924168799406,5010099.02154036
59,4526261.096846985,13.543098678451058,6865684.84861234,8,38.166870876737356,56.9239357141342,1671121.8063771967
35,1440751.7711458106,7.901071763221818,1555137.914961857,4,53.06254594692763,71.9319281648024,2591185.6567950416
24,823074.4050877653,1.2553601997046475,486283.02608672646,1,57.60604997172392,84.63387498071407,622848.2375533564
54,4755790.052829058,12.60620157080885,7405024.183463287,7,52.862560071057466,79.5383319384442,1942752.5576643045
27,907323.92785109,3.1644129724325647,418490.1457688721,1,34.450666190617234,93.34012193791455,537108.5868860366
34,949114.6534192716,4.00677242570228,303163.2895807078,1,45.342436551091666,89.68888177631304,447721.8483691041
45,4227993.962790299,10.53691243083672,7369813.6443343125,8,42.04333229982586,45.42372220908684,2284457.196421667
52,1951148.1195029863,8.272241855047428,581146.2818631697,5,61.10882047862079,71.45037820519143,3300345.1908822474
61,4917988.451235207,12.342752168628717,6213915.569645653,5,34.52694161455569,60.876666062710854,2144511.41684335
32,1760745.904158249,9.522956132891032,1795690.3360295384,4,49.820387290675555,86.91906765992957,2773178.210671133
36,1874142.8756102491,7.686212333724532,1348489.25578646,4,36.20712237317589,77.56229737619076,2374816.944355446
55,3956061.1149296947,15.130147759292228,7693067.504590029,7,33.438075852552025,40.24512128015614,1794118.9941556228
34,1417645.137874065,9.714304810257019,978290.6784471929,4,53.10140386594957,65.35460892027432,2894444.1298898575
52,5050560.633002889,19.18139443055692,7180292.647587822,7,29.799661584725364,43.402066273187366,1818134.9464128937
22,916419.8637349202,2.7749374542166434,262129.64043135656,1,50.68388205556888,89.31526953212713,283818.5363013601
59,4605268.0143584395,14.348484301360473,8050008.103642677,5,39.293029195018484,62.76229260398525,1265330.0658182576
32,774906.0995624111,3.501920934102463,441904.67051772506,2,49.41297279331976,91.66241551326983,468749.7169718169
55,4851971.515870135,11.450200301923225,7086064.230989597,8,45.022752765962466,62.89406186968887,1907059.5847643528
32,1444632.8003101975,4.377155007021973,374613.82085860864,3,33.668316617521704,45.48248781794322,6163987.065236184
30,1824379.3703825185,4.1134966519248035,229414.3547001679,2,44.276460287989806,79.46985959566055,5436946.555967029
27,1097704.7581982096,3.164072291490865,331579.40940164006,1,39.89093537007999,97.01678513268195,719779.3709469917
41,1689324.4672490263,6.578300910837093,199049.2993764237,4,29.94490126649019,85.33544749874623,7037107.898422199
60,4082956.4032474933,10.778004217608673,6502279.901705732,6,31.86789185539168,54.20296464043134,1370116.0185458981
23,1130256.6648917426,1.3731773505935885,231539.9495361752,2,50.45982537908758,90.29468476941346,537366.203679351
27,840801.0007299028,-0.8985994068520222,262167.60824338696,2,42.86882124563767,91.22666438428953,551679.3013200563
28,1068885.9633555675,1.3771113571513875,179151.26085502497,2,44.044438839315,87.91263137968414,641811.0807843972
43,1630821.2217145641,5.45798479776385,1183910.8936826629,3,56.40168169797505,70.86573637174617,2014971.58342537
40,1669497.6663452918,7.227642219727851,1347570.8067351044,5,67.4044010469981,71.75379152652516,2270064.433679398
21,1059219.58522999,1.181335300688056,202070.40603247227,1,59.78005627258619,86.84632700747336,458742.2248396615
20,1064302.4831198247,1.203065502757973,153897.26222709124,1,24.03979711068328,97.3835199784856,495218.22182914126
27,484999.25558402226,1.7399850927953822,204470.10777597158,2,37.862646088994325,87.60952803969131,205507.1582220242
32,1666878.140726164,6.298610167448084,1168985.5568719786,3,60.00318675228428,72.84026403124514,2458374.961914854
21,1113240.8701066978,4.8250085571761865,202436.3545875648,2,48.88025975203447,99.66261275120004,592536.979501075
38,1839177.267300801,7.7118216187022055,1100544.362966341,3,66.85795743027906,69.30391218414925,1731244.8471179544
29,934937.562875965,2.5739318299982687,170135.7416479501,2,32.96318585979151,95.76305488962325,641690.6294167549
37,1816050.1399365454,1.4584978143430982,1093376.9924356632,5,70.34066103807474,74.99528781667964,2549698.9628036264
32,1604778.0675002465,9.335007150258344,1436713.3260582557,5,73.32307699363557,77.60141708640428,2510058.3392088944
41,3939397.3971597254,13.665435179122879,7333558.338376511,8,30.321815609864064,38.314485463913215,1078024.408964143
47,1539850.8353123406,3.501486529922393,506424.52420958586,3,32.423548706113685,65.83754079645831,5777989.5559424935
26,1035829.8417707739,0.9644396378362428,396389.1276312951,1,52.668394562781565,90.89589820418156,265894.45744116505
40,1668045.9343574,6.297538702292458,1559292.3914277134,3,49.220400938172304,68.41661395067159,2138805.0319233728
27,987671.9475025368,1.9158674443161345,201765.70980402516,2,43.4883802914106,84.6914800215836,647023.2727778772
21,938988.2165934289,1.571270388827423,440370.4868554255,2,59.69676006509546,96.36550496164115,474351.8128188156
61,4418069.86147022,16.159546172613123,4363234.117122121,8,39.34870072379067,78.45701674284086,1739348.3940649012
33,2010923.1816834845,2.7027665797110045,358796.7965552117,4,48.53906234987421,61.253520338647206,5032292.766953987
54,3483734.6914095148,13.497869999827387,7059551.170643406,8,45.99587952711702,66.69680214078882,1399641.4411568432
17,941378.8888145185,3.2260232460054237,203424.748697345,2,71.35457743927171,86.9516972912237,471281.7965991835
23,993626.9403088451,2.068523219329358,404806.3868558209,1,34.846879197543196,86.81452853582016,292723.6365172431
54,4758255.166063269,14.51900673557469,7803254.072783094,7,43.01058918716056,47.28061292807919,1424332.268615099
58,5412663.188901967,14.628221433004382,8030048.0607903795,5,29.185793271590402,52.350003350398794,1561637.0747458576
37,1456982.6867998948,5.065674063281604,1414794.2099780713,3,56.103295321731714,70.48402385798225,2954165.890451503
19,772010.2245494957,1.8230684366166188,215267.49488728144,2,41.18267610077488,85.80634858533985,393631.6621357907
44,1920481.4621378689,12.013235267426182,1339278.7410688838,3,62.59592041907934,54.74508431852112,2401001.370394542
20,981375.483439526,2.3594110632884076,315129.4133035535,2,64.1244626882696,83.72164580443774,472721.2967253549
27,1657408.814761399,5.442151239871651,479377.41640441114,3,29.740829936847348,59.52064699950681,4423415.731866865
27,743099.9534462631,3.530740623200696,283910.99505233526,2,28.478969928269336,88.12265784201678,623283.2157511988
50,1489511.633458318,9.70644396981518,476320.7838626476,3,25.71449304511127,65.65372098130193,5584129.4680544445
43,1459961.1943856762,9.151027543444936,1328677.135055735,4,77.96833542434995,80.9414220639136,3145768.8159116856
26,1429143.1430989574,8.70302319773335,1488007.1164140706,4,45.81743649177379,81.58474034133388,2322888.6910961317
26,1607067.0530008834,7.424478273229134,935759.135237948,4,56.28968418147843,72.19684017147969,2195290.832894662
45,4599405.354443632,13.894641164706917,6663495.141136684,8,45.710249860554896,33.91413790832871,1814619.8739047335
24,753570.9762918416,1.0823509233168682,516223.6230084449,1,43.722196760285236,93.69226364623839,279537.67881589825
36,1186220.8986005245,2.8845016351183306,90503.03564688552,4,29.62671337559951,67.65626859578705,5520401.967316338
44,1818161.2504863932,4.860530819615565,268528.9654087386,3,65.39231836741601,68.89668114496907,2348067.036363756
45,1305839.311536438,4.267383619982042,444139.950622226,3,39.72662056492417,82.71022770701413,5484302.736012615
34,1523742.8896649596,6.094440082944481,1426173.8429432905,3,47.28058577367062,64.1017669561452,2138012.7638315395
38,2056383.0992448232,6.734717621088998,1756002.632446106,4,63.53760820436638,76.32722323892332,2382341.583012104
54,3899615.6720389305,11.35584848352088,5672534.488236036,5,47.800569893838556,51.94614897740932,2005594.9277217942
48,1049763.604701089,4.554390177427193,334735.15589760744,3,41.59606105457364,61.78199902623355,5845303.729681234
55,1667285.7896040007,4.26819716978332,398151.75142897735,3,28.13079148386892,77.37598952182313,5468143.83287817
59,4215750.685301896,13.217499460332144,6737892.8904053,8,32.63661966829243,39.25864915100857,1997390.7135976925
17,707350.8465456117,3.071604511217987,270482.41130322166,2,64.8981915757048,98.38070707079586,832383.0324631091
49,1752012.9656433181,3.086040136231443,192377.1782222363,3,33.795624555932264,66.59646488291772,6039721.881276982
73,4534776.643647086,20.601878747716242,7737784.1862282995,7,33.8169727355491,46.70771283052906,1649142.4216323765
25,780774.0545851935,1.2023276585342169,356163.4212436824,2,43.74445235321687,95.3202135337826,149739.98348628677
17,701238.6351102358,1.3446783448764763,278133.2672498799,1,34.737862751438726,94.30435473483875,360867.54983780766
40,1940386.2313908301,5.514661744251794,939260.722494725,3,71.09071875044273,74.89320855847481,3021149.345016151
46,5304653.287396911,13.24609594887873,5813166.438929008,6,41.93655092204464,61.30366360003778,2328903.3119209865
30,1445633.999531945,5.803406771194797,821885.5394009836,3,36.35980312302185,56.85650378645816,6559199.654377082
49,1761113.2774510253,3.609845201807193,586412.8134444016,2,36.45675526459277,46.57166022321546,5224190.898072822
40,1653723.0007443132,10.873153859366349,1648209.7884800034,5,45.671158443263984,71.02848259145033,3036552.742787727
21,795826.0887214569,1.7900140485540716,471967.73039944185,2,42.89792019947288,82.62425200964523,686823.5220941344
55,4989901.914837945,15.417546080651611,7297933.632332525,6,41.94900466338364,34.135695006694206,1469877.5988555895
38,1839396.5951759485,8.483044522992468,915576.4131454127,3,56.50679286471332,84.84083476592933,2648964.6170345917
37,1367041.3230658825,6.7501230124152505,416664.0283066919,3,43.2807924846217,63.171317837744944,6765226.908691127
20,969638.5339528605,3.042072326998067,210278.02441918338,2,35.046837000644544,92.32726028103265,247571.36499665008
45,1752828.3444956208,7.639847473943133,615603.0463871919,2,36.9278243124221,48.07534254615513,5953217.261234111
31,1677343.2105956802,6.606399065635336,889582.3991234931,3,75.69634407996281,79.68966681475918,1709971.0211195967
42,1828908.096222543,6.915827631795224,1269664.0043610986,3,37.65322487742167,68.37622307641334,2538852.899668082
37,1741081.750954008,7.731533108600824,1182238.1490917862,5,48.02407005179899,79.18883448561047,2843702.30889617
42,2059585.8722123548,4.063795661138948,952757.69578472,4,57.14258609768881,83.16673565368274,2438988.3239569794
24,767315.1673080615,2.7665889590041632,363286.39520761656,2,62.15348166598733,90.17160084431251,145613.84984546667
37,2144690.605295011,8.23924364165062,1685422.307294428,3,66.34669182835832,84.08312281270038,2286018.6508940626
55,4441146.17124126,14.023206878278483,8061402.156472933,5,40.65157202213655,63.18993684038711,1675638.810645914
33,1789498.3988472025,8.004254086905293,668605.5041942117,3,75.76920757069053,77.74307249069672,2371057.1429500887
34,1247119.636658177,5.6977552677713685,204310.82431083312,4,44.19489325687479,58.50036976473912,6404537.963124851
20,771785.8100547153,1.9201756629137419,267623.44880675635,1,64.481876840299,87.27253365906354,424091.60637730354
46,1590168.438082552,7.459101146884518,1188134.8167570692,3,60.014704942083235,76.22059765064787,3199827.3674085364
35,2174139.2370847724,8.989847463707472,1764189.7799513792,3,46.958656901609984,67.16876437789504,2647562.519984415
46,1301311.482638941,5.131170751347655,374151.28545161145,4,46.25437487655559,72.93009414601691,6314962.797063965
60,1655461.8939891371,4.986366634345775,403870.02081471554,2,20.740329274162065,56.688947853955135,5929115.113096821
38,2020318.9562157295,6.76123799550898,1511474.3497787677,3,56.54932919388534,81.76575236443468,1803304.749057357
20,782923.3262347592,1.4607015226006625,358892.1597098023,1,67.57418592608921,89.56111834721058,607853.036541686
19,1820995.1946192123,4.181174843396706,364408.8981806131,4,43.63377220841568,69.40550998921687,6141292.404013495
26,758084.5051842218,1.6293874927215048,230344.5737808087,1,50.45754440379511,99.88649858110627,607306.0799194683
61,4291343.658695045,16.830699514378246,5298942.13342673,8,55.25118696824573,49.426033474294734,1325979.901022739
42,1952876.114632291,9.78505379200077,1522532.0127887945,5,70.54448552940225,78.94519892620932,1818446.8706581113
55,4584663.171911515,16.468016192334073,6528996.104603311,6,33.6575125692639,75.84995317087386,1761872.78162655
51,4787341.532137388,20.220535771599888,5336922.38261803,5,38.1242109597368,45.602164262423884,2116565.4401101503
42,1864507.311299434,6.838457660618946,1220503.619889853,3,49.56176736104005,69.31138547406479,3123679.257833655
30,1720699.2907419298,9.42038127718924,1015720.7896307787,3,70.11595225610901,68.92572622335993,3113705.2048367322
46,1465748.1453514672,6.892032611045736,418709.3441590161,4,30.86610983573774,54.4204893727257,6210249.9745570505
31,1586450.3246158834,3.624951904718597,403458.7435030753,3,36.09034491220779,74.81754581636405,7059770.326964629
43,1377029.2016801024,5.022176314207717,355990.9229340739,4,44.07507683053943,70.28006850751268,5815662.150215064
46,1986743.8285612934,6.223153820145452,1474510.2052761675,3,50.31659443854276,77.24392663083391,3172460.2495294767
19,589855.8411281237,2.100532592054604,365414.9889209446,1,42.209304101358434,89.08650223444147,321978.9329729015
15,1062075.909750497,2.7209837805650743,190815.9003666792,2,50.119024785912465,89.90131931916258,344002.7976463134
49,2233739.7951019146,7.797719827741427,1268748.4728284855,4,78.18054910257877,84.50527618311483,2516239.6113263234
21,1058914.497617257,2.5546998622640147,329103.52792381006,1,35.78222261226395,89.69023330111871,510058.13876171876
62,5051038.344386787,14.789654360510713,7477176.302567312,5,36.865268360521405,57.92585523161874,1775740.545020605
57,1870523.6958302993,7.5393018493210775,454444.658068671,4,37.689523142000056,58.99739076665332,6818418.999277369
48,1647076.515326675,5.201155217069579,417809.69127189904,3,40.98144288289855,66.76363210313946,6690896.471126257
22,771409.2170398443,2.767908099453726,279952.94696181716,1,36.20623861011142,91.75277494854461,771221.7751161545
41,1867719.6017759768,5.589348111274937,453808.8977835634,3,35.145455205741406,62.34460443236207,5973242.850681956
20,1027508.5094830862,2.6005778796704293,183505.99639636703,1,54.389193028410354,87.93699553216328,548462.6904191037
51,1151167.0192382648,3.226275413262272,399331.2772805514,3,20.96458930862716,67.15165437402021,6561421.896193847
36,2393350.8031620877,5.014784740950681,1066848.8178893889,4,55.38800279063042,66.21981140934858,2098587.394270091
39,1905274.591047085,9.61241917537375,1693681.4240472275,5,89.9239521335543,73.17835348789704,2968677.304000202
35,1600670.1534263515,5.639438073173741,1134220.4515432771,5,34.77311210723312,74.0401211567954,2574058.3260167344
61,4370945.219603173,18.02040231308988,7188407.575879477,7,36.49867963618842,49.49793473844929,769849.8585972827
56,1816648.0202449418,3.8756872245652456,357198.8230790439,4,49.07527196065338,74.94168426101182,5719872.187808786
37,1602302.0914620757,7.470435926270922,775975.556193228,3,53.510222538020486,73.96163857821801,1360576.4527638473
35,1764730.3630832257,6.078235034814479,1083901.9084390134,3,67.20155907765482,71.90269508774394,2263304.332755768
20,736657.7018962151,4.073200426679687,267254.3078286872,1,47.25998028388235,80.39980877050786,348542.6463666813
44,5088825.769621708,15.099165564361428,7831668.550045566,5,42.4761671445826,61.82636562193031,1632671.281955321
51,3765502.0947575653,14.977259707109324,7308404.05887565,5,43.90555123066897,42.59158476960998,1926419.2426251906
60,5073438.606187972,15.45397951166875,7183281.423602511,5,30.214382055949756,64.43959677184114,1434434.2014851426
53,5426121.763806483,12.976321836737487,6074397.1628106,7,22.30975711296288,60.52893882436495,1667116.4691381878
27,936109.9255818557,2.254858998479312,180139.35519234347,2,52.13463606334614,97.35663338452763,175220.82905005733
47,2408840.4287944185,5.316026390274267,1359747.3719612146,4,67.35477469815382,73.23496319411746,2554389.844666545
41,1821904.9535755354,9.598703273085844,1187688.9311416638,5,57.73433470977463,81.03798833019903,2795246.710133743
61,4380053.929808082,15.825977611121196,6252729.8755639745,7,41.300116392761055,44.823281848316576,2082579.0047037336
40,1254431.4384835092,1.8045054720842586,412296.0423701388,2,28.587934031095628,60.192184220705116,5650249.987229919
40,1317734.1353331418,7.852958661508676,375609.70689843287,4,29.858774929207208,93.04836391636275,6042407.211416594
53,4327772.547760339,16.657815628889246,5142932.547953057,8,31.478567480749923,69.77287845679749,1556944.075685678
54,1680942.5861505673,0.07731579782997411,403879.0924118484,4,34.646943764045375,74.55717573514318,6176263.274973741
53,3739040.8320830306,14.75640706659564,6749593.2136008525,7,38.77159677656012,63.08787686838721,1559819.6088268422
26,873495.3215342069,2.6735191063730905,226921.99523850105,1,55.87583938471249,84.02276748391122,659502.9462181354
37,1777729.1550019642,7.969139060847114,1274289.8069992163,4,54.322593452931734,69.61406268516912,1898175.7995458683
25,984421.3283138416,1.4024926533471342,323438.4285572496,2,44.09065524942774,88.17064914759906,535949.4315939879
41,4008990.5601328956,11.076138224565875,7540875.190336284,6,27.082692813427848,64.65837648023516,1604621.0152478612
55,1473343.128177256,3.891097758982622,210747.21501749213,3,18.743670368918547,64.19524046930351,7285158.426190941
37,1212083.0659666061,1.9604863165104427,305182.880414721,2,46.99604206555233,95.32021285013592,548683.7141667971
24,994507.8662512102,1.9273330614994655,105501.48289825098,2,44.41627999731574,89.13617413778076,601688.2871529574
44,1697514.9741100473,6.9067343416513545,275087.40990000876,4,37.87051320413762,39.274289893310694,6665090.710964882
34,1729931.5000598086,7.700139131003645,1494337.458968616,4,81.65167535130203,77.99932869902678,3037746.595082837
54,1547000.440253572,6.962356636113407,579298.6261605717,4,29.746789700893018,62.78054389651006,7079043.994918132
55,4897046.006272708,14.986396928859842,8015236.703757666,6,38.66839605266684,58.853308115561234,1073764.6975203746
36,1956580.1002142034,3.7476899250652487,349035.2652499724,4,39.804079677697466,73.93586356480579,6318634.713156451
25,851059.1588000811,1.2808211356695072,219655.38861749,1,43.7583449253542,86.53224023686114,761026.4877419834
30,1683932.1777362537,1.6953709199643137,312574.4088196211,4,38.634194974587906,66.5899824789851,6105369.980728554
47,1216807.404021561,4.931543550884333,352463.4283114287,3,44.63356722330404,68.61069186022372,6773116.211149364
35,1820317.4295679228,4.297077079374397,909543.9095733175,5,67.6358670398578,68.86298058029531,2003551.3927947343
39,2046182.712310505,7.808508110665653,496862.29298565723,5,75.35554754222723,78.6678418965619,2414086.343145758
39,2020203.8759580972,7.145291677975702,875635.398506721,4,72.93433903692042,84.07975661637451,2359439.9902659836
44,2135190.0417111404,9.933944621722814,1273523.7034252747,3,57.80945176814066,75.60415647022084,2445676.1075343676
42,1773014.7604051712,4.967598155465607,1232854.6289131977,3,59.752958526597816,75.176830731351,3180671.6310429918
57,4736714.7618633555,8.448551662416657,7138440.196523002,5,48.908925454234065,73.42540570137552,2031032.492206066
56,3871025.7410572846,18.079464913872776,6406892.150634824,5,33.59944166170595,60.080802641887566,1739534.9938186023
48,4133893.9922407144,12.82388472579295,8354870.97800995,6,25.770911985406194,45.12356806687545,2327085.6873100167
55,4676152.639432588,16.403009474271727,7328594.8572208285,6,34.39900022417523,40.32633778998209,1275831.5029813792
56,5006735.633419761,22.645819340866915,7294304.911822659,7,20.86936533941911,56.806380535123026,1862978.295507989
31,1241971.6330699422,2.0542202606333078,374497.704722146,1,40.4265030919288,88.87578230292273,738312.1832655629
44,1558606.7264813907,5.1824070165339915,337323.9528008026,2,40.73208589999535,64.57024709556546,5269941.722774661
27,1957228.130602513,6.16206609938555,1496677.0346794608,3,67.35676818362585,79.23201335150935,2673560.6025294564
38,2473299.995797432,7.880535198589463,1194741.6582449363,4,60.65711747194846,70.61504535406304,2417195.1002132646
28,1678816.2016132046,4.6556913036540895,1669152.6668787906,3,66.67793826190068,65.95425754295499,3056371.803085227
56,3727606.883830116,13.046816104944519,6679071.895977704,7,44.91631414358264,41.819615709394384,2318928.262812566
49,1326467.6159470556,4.669752176244568,315408.92199936823,3,44.400158021565076,76.5496870340723,5428472.892466895
50,1381657.3659731997,4.611119739369231,619770.0905138138,4,41.47171196296372,62.23967305956406,5971835.750378294
40,1568610.3345000884,8.099805076424085,893012.5234394657,4,87.83876743287544,78.01932501428942,3114732.193918089
62,3340347.8967338214,18.057479173564303,7670297.379215697,8,40.317345637798475,84.10338252387484,2858323.4766977318
42,1705974.9116762565,8.142226531847761,997481.2438763771,4,48.55740121405313,66.63936171230247,2545552.8164116987
41,1882141.6011538946,5.908299420872298,1417228.3615096114,5,71.2480978668672,72.93886218067563,1927852.524970361
28,1543037.0955293463,6.319181181164862,461356.1461036506,2,35.849338943010096,64.1892705537953,5809691.663223692
64,4526873.57943257,14.699695230391518,6192321.354328053,5,41.86105182881726,51.97650392367929,1982212.3012745997
32,1665126.300407814,8.646221075745325,1182965.3578697487,5,53.137170577500896,88.17462231892674,2608610.3047570856
33,1670840.2833938384,7.575203206187047,688166.4752026588,3,68.62390454580711,78.64908618754276,3190651.245912265
32,1928643.0859023766,3.521738282121697,262942.2375542273,3,23.63012076372749,57.96903661498796,5678082.727326997
48,1313922.7289452816,2.548289071165533,35746.02933648479,4,29.901332533568546,56.7728332330573,6547772.793131866
62,4668633.906235898,17.82622622888697,8240294.338305855,5,44.4843985443463,49.714674520680205,1519549.4470178452
43,1886340.4682090562,7.189964089902099,644155.0231863373,4,56.60317762817988,64.71297422030479,2119736.5143173076
26,866994.2344826641,4.044193726207274,267544.03379064205,1,40.2190814382138,88.64972098332632,421274.7059385065
52,4853951.166790693,20.63066654469991,6936399.827242302,5,34.18400636389443,34.68526415129088,866240.125689349
24,966630.3777248041,0.7169023235583711,192557.7780267109,1,55.854494935052486,78.99446163670964,726472.3008982626
43,1355465.1474879952,6.159921970623278,461733.2172286065,3,23.239724937225432,70.09941867124633,5062577.873778377
33,832066.2201858865,2.5997908312407003,388174.65390721237,2,27.27813106358639,90.09765362981913,502400.3012391153
61,5487283.915185551,15.307829251907197,6938719.765751197,5,39.004351105021435,64.95783335614618,2303846.9661270105
21,1124935.1064956086,0.8232080480674833,262299.75729147944,2,42.974052336933276,91.95345044981653,297208.98656003247
41,1719349.6565267376,8.808470489700507,1669618.899009279,5,35.408872536753606,68.35176739339553,2074595.6198358175
36,1626067.383943148,3.110976218619909,495208.1797224416,2,31.708942503295635,60.74895308269657,5721100.490596017
30,1404006.9672120053,2.6850300179873057,418638.31378622324,3,22.278946686851082,60.10631747698815,5984901.177722764
20,1009626.7866442867,1.772539535908847,228895.85000736415,1,50.702586821958604,80.11007317962256,957920.2911750828
63,4118939.2046465906,18.22725299282783,7505453.159622016,8,42.47918063399377,33.26578584274654,1959702.5715312622
49,1167628.0013368113,5.721882652324172,224256.82623556769,3,34.91933006783771,66.75899325190677,7548077.672154066
35,737026.7076559789,2.7748936140701934,363013.75883479684,1,48.48134734422396,96.54510165513221,488176.29098474415
35,1880847.3737886013,5.905686751342639,1413921.345668459,3,69.31789944992045,64.62536459133872,2559397.977263896
40,1399456.056745067,4.652528704793842,598316.0412578532,3,45.91501886591313,73.82027538984819,6318832.59594072
41,1619929.7949134111,3.349613117692627,435708.4612252722,3,36.327353716085995,55.10796178887758,5021633.46741212
37,1854760.975102582,5.16034586935131,274651.29873872054,4,37.535761809120345,59.04687265881014,5606072.687238075
26,859690.3385272902,1.2595645408337302,372843.9122259425,2,73.39442819019582,95.51747635134717,423302.16673566465
32,1768778.968944586,5.8527877831514274,1096192.5332138084,5,59.478240356597354,95.48632033681783,2828408.0187100004
47,3705618.8711757376,16.511181456068826,6650170.934589179,5,36.634856845853164,55.0693123625097,1541591.1861510577
58,4505241.454296156,14.933499691880325,4461549.491799727,6,30.41117571205576,52.47279806491037,1469507.101780966
28,1690844.1155584932,4.379598367334304,367819.41705331486,4,20.40912561495147,59.768185286443774,6527808.783171867
52,5597493.221005175,18.524477004892738,8330377.974060273,8,34.60095230101402,43.60570318548042,2291222.4995291163
56,4832904.9881597,15.976308364525558,6596959.809752295,5,31.656741562828152,46.31506660972613,1500521.8732827364
54,4889246.364655266,17.377592110390317,8266632.029190193,6,41.76316624334989,47.049774149407,1913326.360548884
46,1586051.187034198,6.054868245141396,344283.500286714,4,29.373228181599718,73.32969600369688,6478837.706727248
25,818993.0697033434,2.063744527046266,303512.93479096197,1,42.63051576132712,82.34262859158831,506251.4695254742
49,4952482.804815004,12.971540507292925,7406244.662546216,8,37.57921910004234,57.39171377914347,1123733.7363902042
37,1605777.4824789974,5.088817495846954,316962.73658732796,3,25.201730034203834,61.01369691098414,5829793.683880343
38,1874562.1479957392,9.816105827094121,825121.8550187913,5,54.96669135701819,79.18801337508467,3531291.8199825976
28,1947796.1236395529,6.772094087729091,1673661.2054469676,4,61.65410533542979,83.12142095404757,2532297.701763646
25,941853.5040234798,2.290280038164985,367462.54763459734,2,41.152463485388836,87.16488958085905,491205.05735057493
32,1945453.1778542425,9.165660339935746,1397551.6596081308,5,64.5045542584751,79.01110102963919,3366266.172755681
33,2419759.1011974756,4.690250471336373,1886396.3306677053,4,42.44345146455537,76.82617316905754,3309193.119924284
20,969419.3550535741,1.5141044482031738,471972.31469159795,1,61.4006201746144,96.98364866968035,277183.18562085583
45,1754177.4556777598,7.17391709106351,1503268.313765032,4,85.77781587886827,79.56399808882917,1960392.1657502179
44,1482517.5337444134,11.826606752031324,181514.20123499894,2,27.068261923236975,48.77763022624818,6315648.598150638
22,900184.1776725035,1.4794203907405081,316844.60769697273,1,29.743114413025953,89.4683620953787,558432.9004718923
25,1568083.1803372875,7.178035153911676,221324.26915616717,4,40.50179749432782,59.22607733882205,5991010.581241581
20,1085902.6363641876,2.123658526263131,296751.9264017634,1,56.550846142742785,95.41909771493496,706613.232579768
28,983341.7914297172,2.0758097956850974,223665.65964054363,1,13.047877769246817,84.00098413205143,322618.5938724537
42,1868790.0869859024,5.218568247538911,1259821.9404096643,4,51.48248061861646,82.9857450782319,3280759.7751035523
48,2156601.020409121,8.290899922653349,370894.380426827,4,39.11494387062045,52.219091562733254,7410275.798980236
28,2386361.2064887853,7.519317092494951,1274797.1890377358,3,54.499179260853246,86.62634212619275,1365102.942419287
38,1148225.6152687795,7.77630953979679,1740622.1221081787,5,72.35398592170444,67.80104391217978,2265765.5105741704
29,901931.5698554683,1.8614753255815844,250176.90583103843,1,24.936858520204193,85.97625690848784,357000.92015934223
29,939934.0678823731,0.8789349644830808,144991.42970908157,2,40.51174932184007,91.99292542503126,399782.12409370893
59,3897591.947946979,15.115039943958923,6068691.4627603,6,41.5328002237963,56.32450578863321,1891458.7049188833
28,1131783.1467203803,2.7920804559694217,319059.88723240606,2,41.710250353418616,85.70970363888681,571765.5470472598
40,1836274.906653357,8.867420805720611,1644326.4125075112,4,41.67252244973014,68.33088841290406,2067218.5041842673
50,1520736.227352305,5.877544626376298,134813.0908283926,4,37.55251309867684,70.04206915455762,7863721.813719556
45,4097049.775911933,14.233986679478612,6198816.55111469,5,40.570155525054425,60.62467115314624,1405119.5213490848
53,4353195.149168354,16.725051097442808,7434992.3049800545,8,41.104446969908366,49.00675478743699,2210754.6241823873
39,1943457.0739773794,8.700605338865824,1383147.4905090465,3,37.12240782001597,67.48866251962049,2512896.279263851
43,1213557.735092868,0.2350738845923548,617322.1139597956,3,29.064671340331735,70.05761922395892,7676257.938173015
47,1437141.8428447102,5.263037765083533,295259.2869398169,2,26.80260123554586,59.36980651186925,6809038.42251175
41,1335052.3683352964,5.269709857828536,63302.33795684384,3,30.94625374842971,77.44635198929353,5442117.3603796335
39,1497336.2946611021,4.538247413806244,450698.099218786,3,21.639743192023168,65.24858614606482,6366722.9220025595
51,5101745.6778900465,13.09339562335102,7605846.394217956,6,47.10797850845442,54.93041802829407,2131671.3012302946
50,4292953.300519975,12.909921148359562,5543693.245479378,7,44.90498619552312,38.98554666548815,915363.8282933233
42,1474426.8412897433,3.052900194936036,299983.1718479723,2,45.544566132574786,78.8085845467042,5420648.697157538
20,697590.0932149028,3.457910904546683,499754.32303688844,2,27.91121120928931,97.08622836261155,552843.0301904896
32,974450.7068064082,1.5385638337418126,256683.82760504662,1,32.13331123214033,91.24366016292754,741855.3346233558
34,1505209.02559335,9.359806814349522,1003782.4480365863,3,56.080575374352435,68.97564736500263,2775263.1610250506
41,1708605.7971405666,5.990511631758819,1073363.2902879366,4,51.90432727098964,67.6932595316757,2199953.5072867963
47,4474375.420388828,14.197971547162691,7132365.622712068,8,33.98654795971844,63.190207934983036,2392614.5383073967
50,1452978.9794252492,3.4130268167267905,630082.9732684616,2,37.19763182652634,82.8108788369894,6018376.275605982
30,850482.6129508906,2.056502598792778,193389.65943524952,2,34.53417610836343,96.66241131088634,391590.0696984166
53,4275451.793758074,16.52682558114357,7882954.675623576,8,52.08359541416336,44.12653246219203,1756042.4386015986
36,2212362.241461235,6.877266698616996,1454200.79606734,3,83.15674073618341,79.17476159735337,2319674.2038067104
25,786039.0130138261,2.407808207016119,326296.9778799039,1,50.422784630329964,89.62867349816014,578822.6241447966
42,1648188.5637723648,4.199007467038953,171354.86555481653,3,33.59021564947072,40.11911359606318,5730198.271173191
36,1340625.5504538706,4.018644471895991,329917.2574733445,4,45.3780134354938,50.089646867822324,6244814.397853142
22,836516.6348126908,3.351413170430236,493461.40814344876,1,53.110763132823,94.84595717718213,293025.5632986482
53,1835148.8310376415,7.0124858985138765,510987.78393568215,2,34.6209734725626,61.126321368016114,7058951.742184008
27,829481.4763617542,1.8054872384463563,235441.44421969098,2,23.015383577490436,92.53961091041724,324875.433175438
61,4570862.692800942,17.78909130477638,6553066.538980799,6,32.98597968465363,34.50859328624856,1811402.9984323943
39,2139947.973279704,5.588779790927995,937261.0013498632,3,83.89687075916278,80.85798005564752,2280328.560492347
38,1941912.1952478343,4.147776723547135,1185052.2729432578,5,47.251477009893236,76.10410796423626,2183718.8419589587
24,1090686.551089135,1.6801034508575607,297000.5635729175,2,36.43855518473207,89.13781742086,352232.7823421262
22,808637.9287512697,2.018422821888608,290545.6483635147,1,41.3959405552924,92.5893381501131,383926.06144710234
41,1445076.7317702475,9.021136274603506,1463801.2045216435,3,49.1024488807181,89.17328545743761,2386582.3019063296
54,5174654.439928611,15.70473842874089,7768342.7935040565,6,50.94409099996646,68.92890053744046,2776943.1820757757
37,2001066.2671309307,5.4159289519183815,1178767.4953382413,3,67.49862208558487,82.89511460620196,1509977.791469272
26,742366.6803556898,1.141850001047619,193900.38482821666,2,52.50690469916318,91.06981945049284,605438.1360881932
33,1830770.5673792718,5.53005388002874,1285704.5054540928,3,49.37365915549105,66.29449098540097,3925470.0267349873
27,1787505.8681897095,8.352484917012509,905350.3305523593,4,75.10144411149055,59.6833045887367,2313340.9725374207
47,1945700.078202333,6.136585612558836,384388.4470561788,4,33.88730379985119,43.65240794104718,5898736.101142013
33,1120065.7302060956,-0.02113397620191826,245250.76951085022,1,33.73147654658386,85.06004371227318,522830.50674591574
24,666214.8951975141,2.624661693515231,168136.17910662468,1,62.748323814603026,79.69245475936363,307853.71224370983
62,4313005.506340747,17.041068999472525,5418215.579458997,8,42.46652911460911,70.80398097089588,1414375.220590622
22,615485.6873840387,2.1723680224761845,239568.97222156153,1,49.32901633661178,87.67775768798835,380337.7408665441
49,2059767.4443362951,3.1770899638178802,522615.63202517596,4,48.71267913258208,63.727240576893735,7004583.471319182
27,1180673.796432176,2.1480263822070893,400116.67332915193,2,53.202647520427504,93.40227520575544,507660.28764586657
54,4327737.173726173,10.490298806934334,7329167.348721452,7,43.603737884016496,50.88841533908832,670430.3212879286
73,4965013.568112646,13.055502530472538,9985941.742276752,7,41.05876415235335,54.1601485086483,2567196.348502442
31,1619130.288709859,8.856404938799377,1357114.306203901,5,61.4638459336584,66.09232766417566,2632306.600447511
24,845867.4558206272,3.391345658996415,361663.0666672214,2,59.16436912188784,88.76540961417787,547626.6579210066
43,1987595.4299110898,6.141605452694568,1378397.7588928705,3,71.17592824562935,70.22420755104974,2309597.87108921
37,1734499.2408236563,5.480965175266923,901617.2850346242,5,82.62470854380942,78.26791415552489,3515846.7337259576
45,1627392.4240006527,6.213187145365343,978783.799421014,3,44.50688434280676,69.89114326956584,2845173.9126033518
24,657352.5966323905,2.8316489572725314,244403.37303068925,2,37.750535455385304,93.4853361282937,343482.8511473537
49,1970360.7240363834,7.9034469253045785,1354569.9020472795,4,71.22298408516625,78.62558883635445,2702498.4881233154
27,931515.2130443797,2.3828203185662664,303422.91375692183,2,45.390456021037245,88.78730366491695,458364.7937995846
39,1866026.1627434096,5.269342964464313,1217326.388011846,3,62.555995490466614,72.50862540369539,2559121.761782233
61,4147390.217818362,14.53156845742908,5826152.084266481,6,52.207600481319766,48.05416265563271,1284387.2011024123
37,1940769.908906359,5.240637494423459,1473645.0694990715,4,75.11636764611117,94.87088586971373,3060490.97162793
28,1361879.1896504862,3.4550540974076953,350576.6073299733,4,17.334020023478736,64.14324366717959,5990899.068953644
51,4211080.267488883,14.258265145710046,4946564.157860044,5,38.03555545627171,58.267446864414666,2269069.53688449
26,1117811.60530777,2.200503767346239,241691.50141201753,2,56.8063237633244,88.22992786680247,499230.8842532779
40,1258565.830042731,7.830870874296421,1363339.4871713456,4,66.71623784496036,69.78883306720087,2429989.6184319747
21,930568.8155567759,1.4679664900975493,414170.5678041607,2,36.29896044451934,93.52126331667756,538382.1783986099
52,5016023.55282767,18.077968530242938,7777681.013317794,6,14.439078309696527,47.24761759155716,2027033.4138741095
27,1158150.410506649,2.8320071850385355,248713.58698366547,1,49.325407060181966,94.79798868419317,94966.68406210729
28,887139.2439311858,1.3876066124593824,277831.1561605725,2,47.43118957719509,87.85945408073201,813334.079465613
15,952349.0887105779,3.7513399112837895,493637.0595917937,2,23.54583042113319,93.59415268426281,661331.2747475276
27,1153511.6731341411,0.7337622890673576,178331.86019349523,2,64.01235511675571,84.0985293878789,437348.4667965837
29,1080604.1735968958,0.6123685243411987,194428.06147629058,2,35.53727879722421,86.606848903586,496181.94419083523
44,2053853.8426159327,4.157955227429103,1678843.0872665627,3,65.75118887697755,71.75890566400075,2166361.303947011
55,4318733.811641802,10.925359245693535,8437502.55224682,8,38.61528958386441,40.573291861967526,2286430.3284320757
52,4231237.202981291,14.033356994041224,6299312.900158079,6,55.33691688717853,52.91130033484173,1641702.8612682214
56,3962660.028848781,12.591442516895361,6488063.577895044,7,48.217399130082626,59.29535114899628,1397849.0383760463
67,4173551.4532665284,16.123636873134846,7020199.692036513,6,43.51522390062316,58.00364969592717,1774905.1565383484
47,1337497.19337672,4.375476289333667,405260.95668162673,4,33.02905544844253,85.42268173437,4974899.293815674
45,1405766.6625017184,7.110773413985036,1343444.2373576276,5,49.57475914857532,66.50664665865,1954756.5731764208
37,1743388.3166755543,4.7667581474592335,285932.60239890346,3,42.88709139694343,62.430256615252105,6363515.971639621
27,735458.8718940703,1.271995964709703,316017.59567674133,1,44.4348939959976,94.77920875446432,491955.45627376885
36,1698615.0837743601,5.988921792550682,1142490.239613561,4,41.053349701213946,54.68827784768587,2408639.2898443267
30,1397816.3462038245,5.200251807531853,362214.3379258975,3,30.955286497991292,42.24972225487508,6189882.620929787
39,1660467.5570105,8.050271949252021,1645233.9637101858,4,33.25929857106352,69.95103997398354,2764977.3382732808
64,4379817.791758405,16.53435085196064,7090117.682377901,6,63.946458165784776,69.75952959325204,1646925.6201434156
47,1328920.744338876,2.428577858120316,356253.9773285996,4,33.730035891923094,61.31280002867141,6057910.228498839
38,2019870.9293388901,2.0999833639841805,1722818.1121085784,3,51.99721092443755,71.25215025271942,2208645.175651251
25,785681.5313466674,1.11424542811142,478721.2446985194,2,49.197153339773905,94.58952167045999,727291.7401709468
54,3627653.868878266,16.598398113125036,6814704.646801874,6,52.94683587946861,43.52858122469384,1807421.9445454604
41,2053620.6977663743,3.5217048168916993,601885.3056171539,4,41.472779092921726,63.80160727584279,6854171.952071874
37,1173356.7681285054,4.049504537440695,671080.5135145586,4,44.68428231868904,70.24047763311607,2124113.080542095
50,813129.1757829507,5.189102169194152,357744.5837721396,2,28.71239801348917,53.91163431624314,6786565.543369606
51,4102347.0605211547,11.915512222662638,7389047.796169496,6,39.23870422073765,58.12317199610958,1652541.5071728607
38,2035646.423410836,5.470780887323949,494943.30357523984,4,68.99238001893428,84.05442022491766,2765969.785279961
59,4548845.379487015,15.392924648849677,6414298.20807927,8,48.04015454289761,65.79092056946237,1974556.174911159
24,726013.1732469273,2.595813497989318,267152.4800629093,2,44.761029603333434,92.90153606273054,363670.55071649223
47,4560307.031416226,15.909972849434507,4878342.854035777,6,35.42208437583654,47.719937920214335,2564816.4879071163
37,1774254.4357176365,7.966341339869272,808621.1062603467,4,62.25396883936246,77.97517003924118,3162725.8831800884
42,4545036.581167784,13.554536620350824,8076761.769074782,6,44.698033673283,56.098580786334836,1431601.4598721482
27,806668.0973878,3.1086082780072504,178908.04385711916,1,46.588632440772244,85.42739629595232,675982.8591587059
20,1129819.2197591385,2.9606666566701394,151074.46621722137,1,15.767340161951935,91.47290520925567,379356.7795860144
41,1938618.9456196222,7.382534157020157,566246.1532850073,2,23.542378070380963,62.27874361160054,5665887.938813803
57,4768601.217202148,19.08023259345927,7057299.424895633,7,52.92903797196276,57.45743248521276,2362202.162156333
32,1125320.0852752621,2.1215446005125767,458330.8142238499,1,42.947044412721624,84.6724889195444,162841.21224567416
21,812010.8984288706,2.747429337774208,418797.4830082881,2,28.419571797068116,90.58182088804982,478295.9399474825
34,2345171.4333001026,7.191800448990155,1742773.2138084103,4,52.63415685659303,57.584796494108865,2555711.441756774
19,1118459.6921871887,1.6168844732492798,410725.02406393,2,28.642095455645517,88.51446450421564,609335.8850018054
31,1557110.7121199719,3.443468652063244,1970422.0442268045,5,50.49296149625023,72.9651214155382,2752357.2664605537
35,1901234.2134372932,5.835885060026266,758070.7507536204,4,44.77699515312816,64.0063692692101,2413168.889392225
25,881763.579995877,2.244744723662093,367080.20008829626,1,47.97685499787544,92.06052589395755,490921.38841373374
62,3733701.356563593,17.510733221715697,9229951.493527759,6,51.029869004710235,60.59210368631015,2409437.855248065
36,1850941.8837418286,4.518240293584526,1012133.7343957783,3,69.18473628202294,92.38771744147971,2400057.5772575797
38,1565297.6028401195,3.688964595930047,1315187.9420331416,4,72.25803954928084,78.59010418339025,1295308.7670971444
42,4556650.729428528,12.103426630154107,8071406.259771938,6,30.06189920570735,54.033999229667515,2202860.9815583667
48,1494937.055749974,7.758336127466342,1176898.4391004515,5,57.870095566510585,84.88916264015788,2483506.4470537514
49,4328984.428625688,12.454270975720146,6684558.657564111,7,32.38277861728788,50.09271026757704,994604.2661889727
53,1481399.8657003075,7.316123454472398,529628.662414292,3,34.8749994039004,60.384726485113,6215576.220099826
36,1964098.650160457,8.430180233767041,1374497.2821935073,3,74.32702231269397,87.09296985712149,2008190.876005119
28,1704972.914633163,6.011233313437389,1307766.645573988,3,54.232016352672616,65.22355757144358,2312121.8527797274
23,987560.1082206492,1.205480337671764,181267.52735041542,1,40.822731417382364,96.41705914016674,537219.6074224312
43,1448605.5392430667,7.25346452511625,1622789.261540664,3,41.36586553323537,59.737120023632016,2441703.917573625
23,1022547.3425588916,0.8897697849886306,379964.3912929755,2,57.75028890401232,88.09644856170698,260159.41117924394
62,4233797.128001552,15.67321711059601,6043291.567162623,7,56.677686507463534,58.245292587410034,1640131.7340145968
55,4511116.444248331,11.674610410878927,7186025.2456448255,6,27.622035537124546,58.39637293418942,1305608.223061485
24,835365.1386935953,2.9125380559533713,55126.588508182904,2,28.76279467732507,87.15992970169638,473051.21300254803
34,2305573.4547307,6.655727952191802,1669330.4985006065,3,57.53186479331526,67.56029597426384,3266027.0045510083
49,5460253.688038463,13.799988451978832,6220761.428619516,5,25.13761172413861,61.25836730387783,1574519.8409542032
24,1006244.1778420513,3.366128962052804,275475.44013795815,1,31.334356666658113,89.9108491862692,672827.7821019929
22,1138184.5356181385,4.242692543356416,270347.6295669932,2,43.0566679482367,92.51559685955051,303193.73556252394
40,1780490.8449229463,6.970392986933355,372254.09147871274,3,38.4433729773422,60.834763559791526,6749149.01327451
38,1863582.3377789897,6.791455658751089,780120.7611961467,3,55.7789571981071,66.87702857094828,2667865.136065988
29,826933.401443887,3.6733810444906094,295351.27153042005,2,57.25261180293515,93.53046965546363,404863.7421319701
34,1808920.7579749045,6.106944079011658,379652.3208924574,3,40.99461707032787,60.62081993882369,5137352.660652768
43,1635672.3941762927,8.649844263469014,1131324.5090692076,3,40.85649982958742,80.16175898573017,3091021.7883152505
32,1743897.7532840548,6.848075724184942,1565362.6683708006,5,48.48827188323907,67.3103952300727,3223399.2147308467
32,1093417.909921293,7.090342882740082,473894.25097716297,3,26.606070974081298,56.16736736018684,5923257.053078235
22,892466.1215551812,4.896703600139066,288438.6580889754,1,34.889625489742684,80.98553293074661,440737.36994388787
55,3770855.90504247,15.293491666501216,9221930.715016913,5,36.48285566506156,49.13300546621654,1864180.8234201309
19,847985.7214015764,2.8087750761926884,234874.315590912,2,33.56616786433864,91.05352371889576,428097.29719947325
31,1735293.8999184922,6.37376640282616,413619.8961047211,3,42.16233386208778,63.294238322519206,5952422.230341117
43,3981949.119103238,16.76844614306905,6403904.146806769,8,31.768881839769016,61.311940989076476,1898092.8526107767
48,1477572.4232508163,5.962167723383769,264798.6491821882,4,24.068354257784353,61.723965399518384,5575793.161564956
52,2185780.6174719576,7.251912542941738,470593.4580793307,4,33.71544084989476,82.05924458553571,6164362.669803339
49,4011503.214461918,17.165624678830717,8422073.400891522,8,42.76490395302919,59.869650966199266,945993.642661402
58,4444608.579706352,22.789271747857846,6417119.577429349,8,48.08697980507362,64.00779133023507,2167886.702032428
35,1534655.8182394535,4.916763270301562,105020.26877542958,2,41.66201224768077,71.15791469616772,6065316.29473708
40,2038833.4896450203,7.274129837486223,1073685.302326965,4,62.06991412210543,82.56105808483576,2405634.7421440324
38,1698792.698596322,5.943752092252068,318140.02886176656,3,38.865080571325194,70.42963174343191,6229179.945473262
40,2301658.806861463,8.982385227388964,1471043.2643273922,5,79.64784530501626,65.86049604740408,2110671.3610282335
32,2213568.383256268,7.875798795315266,1726259.081699193,4,72.49981017673633,86.92362422272555,2071335.2265141774
24,841210.0514100066,2.6214209997164186,187498.16738739493,1,39.4984745297093,91.27200040413724,474988.7748507386
50,1724734.8258424867,6.047202694477402,418720.3204456031,4,30.17530992570699,58.25213905330805,7691301.817733904
60,4865361.093006235,14.540725101796328,9481456.610859364,7,56.436748703472574,65.55173743875982,2541841.1649532723
24,1117302.3403822354,2.243126225409037,407881.35579108715,2,55.889040054636006,82.26307804014073,332214.89535590075
30,1863291.1058975845,5.789972776269158,1374665.9361086285,4,71.9044309293607,83.180944429343,2229545.437627748
55,4684884.7450599605,16.758682626347476,6961349.95031148,6,34.95648375487402,58.78521233998848,1673868.9581469723
27,807515.708514588,0.6219321466587249,232709.09046449576,1,44.372203992271295,85.7965770169122,544723.9278203441
39,1678000.8944906334,6.625916492420833,1177054.509888899,3,47.641788451376584,70.19381894657234,2195580.7018368165
37,1295355.125422021,6.775089320323187,733566.2812942448,5,42.73511904469798,78.0329019342609,2525833.695589332
43,1664667.0061791684,5.171101104762493,1441451.750290378,5,47.09456979928221,77.07971312173231,2668616.7139773467
36,2402457.634744291,9.835539849321055,1206566.8863431085,4,51.557241206334744,76.97830921543145,2619395.916681432
23,914198.8291966141,2.3527215329306963,193454.01189339074,2,58.90313998641807,88.57380742824392,687546.7560572836
50,4707567.888767043,18.499643126311884,5968664.595977472,7,35.06234516839493,41.08420479135185,2006231.8301213752
23,921253.1109848672,3.7833949453924474,221089.67997449884,2,55.56354954400935,88.34509318571031,262381.02413720515
38,1722844.942551893,7.590075595475918,1378018.5607867336,4,51.851009673340805,76.48222300634174,2607708.3729266115
34,1887738.9821264588,8.544022027465697,1352406.2234168332,4,61.41702626304505,68.57132896722628,1970320.8800410768
34,2136340.2242751094,10.798308554148543,1427978.1899478792,3,47.70180179536516,90.09736995875008,3005648.7128821677
36,1707288.8325540428,4.024847352777895,257242.22303293113,3,40.64185432552127,48.936962969686874,7075122.361268823
42,2220405.92008425,5.690151920914468,1229553.7234665137,4,50.18314956862181,68.72220270241876,2065489.6849296456
34,1373107.498821438,7.690565864796364,1347845.2115364284,4,70.5124246295073,90.16296040451071,1637021.4026053576
38,2074196.380732515,6.070017974152272,1234316.0186122763,3,70.74268520556389,77.32254494915293,2031112.872337894
26,858035.2516141442,2.091463177297309,326400.062276983,1,25.568436310687183,88.72127929409419,341508.15683401376
33,1792532.7078703572,8.353290723027014,291867.0552410167,3,23.907019139240766,51.45682255652372,5144152.352868068
52,5024104.571568835,20.45764164306662,6349139.435394894,8,46.7325539517373,64.06041268306055,1543742.792395772
14,1000316.8171227237,3.945287687230869,416188.19546403823,1,49.33931864147131,80.13881207728309,501186.25408675504
27,1631246.5570686688,5.237541831687739,1322993.0415069796,5,46.38094324468109,82.4380804686765,3666818.7931597685
35,1966421.2601957996,6.771967056195474,920879.715194349,4,61.93675736455717,71.75610868232171,2533278.2008473896
40,1870649.2809076898,6.195458883004877,779728.6221354525,3,54.517267975728174,83.2402030481324,2713836.7714761337
32,1657881.0894099558,5.061042815099919,594175.6899892143,3,55.44629611948594,74.7664392908628,2154057.0263371505
33,1894590.574916692,4.42212694137751,1501339.938405673,4,53.99267975893024,75.64601050913326,2633659.988068161
51,3860118.28316269,12.943674553180255,6544766.10522194,8,50.470677065812325,65.83940056286937,2178307.542161877
47,1404636.542306123,5.546686680954055,397232.1946195846,3,49.09261336878902,61.81054593691449,6558116.581059663
42,1574808.1486174203,8.261981096556681,1175918.1635850233,3,54.96023181349511,67.30262010931824,2633386.106079664
28,1033415.9875002754,2.706606649958307,236739.64465431526,2,34.99273227038143,85.86871636001693,352104.4188837046
37,1438193.2897214713,3.3233724062866568,508001.5895296654,4,25.67161428559985,61.682966460629984,4733735.453584808
36,1696812.2959927528,6.0203877905434044,1364922.024488146,3,63.29664682235707,64.14641501409137,2561286.6119659673
19,888741.2889695623,1.0155574624276351,255638.68320810216,2,40.353174084520106,76.87917381711952,817765.9266458664
22,1296950.9998238164,2.1872765444511657,301027.13684121746,1,52.52960233217702,96.08459922506484,548771.163536191
39,2062113.480773942,7.952834849516184,2010305.6484804885,4,89.84193084710273,81.9645752704151,2601717.7594618457
60,4662962.316465021,19.587636836540998,7134187.355380265,5,28.010348042209927,59.48727172777026,1885245.326703349
24,878060.6571518542,0.08599648781833436,457988.7711839122,2,40.290386510117806,81.87628558810138,400205.5963944576
23,878436.3326211409,1.5960624820856402,355379.05721002043,1,41.2532798564704,90.66972941341398,598525.7146921125
53,1116195.7540939837,4.7610910037013525,539226.3779304649,3,35.54029769760719,69.60500837802377,7312952.786281237
29,1160597.6809843478,2.1401437101255847,230038.5413306349,2,32.49282176522385,86.06564351810448,529112.9590612876
48,1525723.765230891,4.016874707430194,293652.0602530453,3,34.84045766740728,48.225586597002376,6041603.853977316
51,1714607.0043610148,5.7700444046819745,1226140.005395382,3,64.15265566232242,83.15670318925555,2553999.5555555727
60,4677421.226271929,13.143645357169904,5540668.73846072,5,47.44420291521448,64.04671354636798,1538389.571516865
48,1476398.1912843012,7.8092453263993065,279930.20216797816,2,37.0212746296121,73.26900565389595,6367451.1162977
49,3773993.936016128,14.169367167026813,7404990.450824757,8,53.375244434359765,53.455513296303124,1716547.1363297957
23,723650.1339532787,1.0684328416224158,395217.453484106,2,52.672223415315564,85.27697334839841,572236.9935518852
33,1632339.0231958344,8.100742890883168,1323122.0019297798,4,54.97211098795482,72.31124355488878,2214251.9450632157
24,832081.0514881632,2.2310296118820654,430756.01105916646,2,43.59381664630466,89.63687126767924,455420.4138979552
27,783360.0876561895,1.1003463152558992,392866.93465078203,1,38.71843750939543,82.19860886644588,660766.4545535793
44,1432566.1752424594,6.679526435795841,1699166.965997641,3,63.16363408263838,79.60264381961554,4003734.902223139
59,3683036.0185013916,15.98036631815754,7569137.404364731,5,51.32501223877994,53.46027639942968,2146742.8305599936
40,1622142.765267554,1.1085673495797566,283836.99265663343,3,51.58654113706455,73.08722121348266,4703888.996798219
57,5598194.453461985,16.62128419397682,4412422.938794213,8,46.89562990100494,59.94491560448756,1631063.7773130918
37,1269204.1332332995,6.975075711944282,553924.3869006735,2,47.821733364610154,60.83184160805606,6156122.506293967
38,2113899.3305353997,7.441990496261222,1131258.6068843869,3,66.33459780785131,72.60917326875109,2201985.4293765817
40,2041628.1891222678,4.487620359232411,973837.1195999922,4,64.2580665474033,65.77797906109186,2533988.4552143537
41,1954208.137296623,0.4354623707154941,355223.0890011963,3,37.78109834523079,69.7676218792609,5973469.8238685
49,1370792.3218516286,5.326361687784588,1578138.1847050306,3,51.449212742439215,63.47824615995104,2721930.5380309075
64,4987903.9143171115,16.300156636286168,6719231.5012142835,7,34.325441465016745,60.72184477161433,1730645.3241471315
35,1986585.8030523816,7.899612459380598,1132374.0662244658,4,72.82132865451507,70.36606969135278,2048423.7232186755
22,1021934.9793442637,0.5298549122717742,443341.8317856858,1,51.452475591094895,93.99271225374277,156201.10557814164
59,4300251.977187843,14.816801601074294,6033927.063264757,7,54.936977857001736,37.34431001839987,1994339.6115663429
50,4395085.108892899,18.15946742744097,5914130.572384191,6,51.703220698139404,59.89405020740948,2486936.3768420173
38,1882519.9054664355,5.899073087104128,1168099.6120021828,3,45.91384991906153,75.17334591233555,2660094.581635245
17,1205503.295985566,0.9586558512960015,426921.1638140258,2,53.84674797338202,88.54743246525246,634519.1502418506
29,1755088.7808065575,7.798558896325166,1232068.235618789,4,69.9375725703794,80.57565129218703,2748838.7967829285
59,4613287.07188678,16.777808816051305,7769213.26503705,6,57.2365062667738,54.9621354425039,1545581.9235016925
48,1608740.2920785004,5.382797744812091,1241253.456665082,4,55.68373038211625,63.083926421132176,2064904.879657727
53,4989300.964103521,10.078835285254296,8449992.500650803,5,39.451433995818114,61.81159223704397,1865061.396468528
38,1832328.3493950034,7.168776879401832,1115230.3972560645,4,56.20881780046374,83.36131324222028,2240655.4369090935
27,974888.219125157,2.540941821532504,308512.4717604167,1,31.78721421249524,93.83551662435914,449934.6637967793
37,2428730.3028122936,8.177116199339386,1322125.8240274594,3,75.45479122407782,66.72278678838067,1710640.0461313045
52,5373582.474105734,16.378416663426616,7937161.0500417575,8,30.507367222344243,52.618692803774145,1299539.0779616046
16,1507721.3864991704,8.41934936806107,336882.817839835,2,34.689724166944494,67.19815374602948,4359828.9400761295
25,776044.3206781257,2.0243715996553266,319057.8091611182,1,41.375746959439354,82.61758327871588,582824.7631043802
18,1319340.6080122306,2.523219648579484,284673.9010727194,1,48.489212684040766,86.31893794668419,514277.50589311606
32,1967158.0011782583,7.608842801745915,717705.653874811,2,43.17751126758476,64.54515301766371,6009729.556666863
47,1378555.499385859,7.454193079096385,226128.98126849186,4,34.66332994025301,61.12546260381299,5499994.0791862905
26,1015931.6764442857,2.2932855294671337,513074.21975823306,1,26.864952618940713,93.42890002472312,401227.86300044064
40,1424743.777706835,7.98857005823447,1084555.0543142073,3,63.22983642049991,69.27692034082405,2278002.4337277315
50,4130615.1396169914,17.314432901428937,6969844.975606631,5,34.60951332196346,53.614484378939494,1355107.3332036475
42,1654086.0928188148,6.445678776142087,1426142.239568092,4,42.93306450664891,77.65464316207618,1812338.9705278073
36,1526257.2393699447,4.596921599526779,55022.39693123457,3,31.091866133448345,47.95836282414383,5202211.720102921
59,4244380.562106454,12.78297771871673,7072621.256364369,5,35.677778046269324,63.93615885423652,2392139.773098769
40,4297994.940959767,19.507606596727953,6040813.451277442,6,49.820968352228405,54.56758932784459,1979895.0572519205
24,1103695.286066593,3.157285048982552,226483.4236018866,2,39.909904346876814,97.42456698818668,239251.67925058905
35,1892248.9037103485,10.19793938820732,1946536.7422860183,3,73.98379490419418,72.7763130967357,2961800.9306041254
24,709801.3189647958,3.1466667831112765,281501.82311258104,2,39.151215481407384,90.84630326147993,257478.62311140666
54,4713875.712965125,14.225212411684403,7352469.769921971,6,34.71555733743707,57.43660681421164,1119254.3613981667
45,1493291.9549771526,2.1588298294138792,241743.74198471257,4,36.14284929237693,90.02017405805617,6927258.079705783
55,1354870.22449742,5.02644212457694,245411.12813715162,3,19.702932532885093,71.37855470256419,6662794.649631867
37,1605234.5257497113,4.601529859340806,313677.3953830766,2,34.17526419763605,86.48496525967758,6589683.149365123
44,3792463.772452834,8.264091202730139,7401027.346527921,5,60.03815342224652,69.94363355079234,1847418.7247544914
40,1950667.985842854,8.151441642898181,1551193.406731898,5,58.93110937984189,80.85852550007365,2646636.2564044604
32,2503475.591925422,4.732536981458491,1020428.6661224586,5,49.52207888081771,55.87953056474648,2361255.8704182594
31,970935.2116887755,2.3144436941410262,386163.85061553115,1,32.40654437123788,88.24611627796584,605376.3955304712
41,1672854.955314833,7.701864846585002,189708.94399405798,4,23.931265792113955,47.039792000532444,5644349.777933486
42,1997088.7673345655,6.67938813748189,1428797.2883186385,5,71.77325985829914,73.50060544914217,2555310.938834315
40,1765459.2541727554,5.838065896477611,958053.7511734437,4,77.22795334395636,83.59998741183563,2659334.783694829
39,1703163.733218041,7.8121084449832,1167861.6307344618,3,54.33532534072613,72.87988859257086,2646721.3069364564
55,1856437.186365291,5.213309220575139,494675.7817850246,4,39.337067619859795,68.67551030464134,6738041.217473596
49,5482987.235017401,17.84587466303434,7088045.619399493,5,40.5860823292021,61.56851725113826,1789770.474671602
30,2261056.900597798,7.902368800541442,441047.0766002601,4,39.3930558573961,80.99173400526824,5376044.369619874
52,3706481.642199321,19.256134804472566,6500789.896461109,6,41.064027926824664,53.09043025698705,1802791.3760469384
29,1228783.6190691947,4.189396871765329,367076.70105210243,3,37.61102101333477,74.88465750166043,6185537.512764971
26,1051421.9603793316,1.4929346089568547,495029.8797960226,1,47.215246781757614,99.60959869806348,527421.4606158265
20,955776.05360655,0.5014476943051731,344741.2646423253,1,28.46882719004747,104.16297221435147,465585.3690992783
23,816804.0758276095,1.6428673852495699,348494.9114129353,1,35.114943403256675,86.13943008625405,224153.44906122627
52,4727494.0421277145,16.070551521402226,5861418.684060999,8,54.530863248528526,48.457334210243936,1585603.778851935
34,988342.4991271459,1.8574059866887076,350208.93065869407,1,43.21558571940717,100.66167832936411,312771.93684636214
56,5123912.5327052465,15.937861888678977,6649306.097860701,6,58.11929292865008,74.39185537266495,1957658.926404711
54,927160.5272197297,6.341557724431959,460191.18246458843,2,41.05176307327098,85.85787905367485,5482438.088454697
66,4732731.669364395,15.711521085636473,8470700.827977285,7,34.70126952644734,55.547798960269944,1852729.8559535171
35,1606785.8060153313,8.170604882464701,1157223.5185038762,3,43.30194744907774,57.5179403546624,3371806.911511918
50,4235182.815743647,17.5374382958153,6067045.636623109,6,37.583745793512655,55.009384178161376,1461827.9768574832
39,1825125.5410453028,3.8447717102181347,1489100.7644882216,4,66.68351385115008,64.09175698608051,2159488.821612753
49,1625626.2017614339,7.55863679977301,608710.3162127137,3,30.9936759614187,70.84047476044336,5541825.046340604
46,1646257.1349521664,5.836064344175731,566181.1703936752,2,37.33046887844626,52.617758926265914,6471996.865603829
36,1678581.9794162365,2.9921684709488043,521628.3334653028,3,36.080454068043,45.73111748034445,6389141.784016569
36,1783485.3571803512,7.654284266161668,1096730.826372162,4,70.94322989598867,80.74083701311102,2880918.017141563
39,1364312.7053033388,5.330715843376108,668215.3192587032,3,29.17411351655957,75.89178921266112,5184711.339268753
58,4274926.888602486,14.740320391023117,7903291.831441986,6,46.75668246639247,56.76839575060957,1983618.1556110429
22,1076598.2063038666,0.9491822611205947,225232.3707453194,2,27.868029901262688,88.22049758625379,464351.7025211355
64,4536265.881750525,16.574533209851246,5970685.349036654,8,34.14408155756868,55.02825676533753,1771302.407130256
25,1007996.5671216433,2.181007131370812,314811.451678652,2,48.061162451390345,90.66284091809177,602192.2099530721
42,1592372.1821509805,4.095481319581092,372166.4964533015,2,45.44380884224455,63.54108748091194,6088818.576858059
63,4646837.40617537,13.653396059033755,5638032.746357372,8,40.77210262308871,67.18870675119119,1846917.893899675
46,1451375.9408297346,2.541537343806394,399608.43623610167,4,32.20189369427014,56.45995404582105,6399711.016546332
30,1068380.7525299992,1.650521170149461,409777.96360855986,1,52.069661630544964,92.60711557266481,610083.5046747649
19,627161.5974232275,3.1830671083202855,356630.4625512534,1,31.81144635842704,98.06375383245089,632200.0352459665
51,1439486.4938297987,6.290887116235281,473851.125325333,4,11.170515338318395,85.2241984556764,6026573.339074113
23,1255469.940965919,1.3419668900058586,338134.9601200598,1,31.442912648024134,90.09267844468592,557272.168416293
33,2023509.7923989196,9.024417483371383,579589.1406828883,4,66.0143788352737,69.54613515804454,2166338.921023806
38,1485337.4425628234,9.47496756140167,1732819.8656741646,3,66.67575818607381,76.43502425578036,2138217.336560474
24,838487.8488883822,2.7872528919654505,476440.56948152627,2,35.3444433848575,82.80374530943658,774823.7777085581
63,3865508.525683908,12.953849853370821,7907413.913041873,5,51.6386586847437,70.85005734666902,1503304.8240346436
64,4854198.2463162625,16.861001542756913,7680028.68010863,6,38.82192012673593,47.422430327958665,1587825.8008455161
47,2208470.3227449954,10.157537994457563,795804.7888640657,3,51.219197443847634,68.02157259844675,2014565.93814241
36,2195935.308409682,9.527010120316547,866180.2478845343,3,62.07989234847552,81.97567272497011,1822195.431587024
26,941707.898213844,3.426169855626431,274415.77912321937,1,61.58114187340679,89.24928939877918,252815.03854272666
38,1621436.575114473,7.179894531568731,1012498.5455426847,4,57.1519874522868,84.56417298531805,2825879.8243918563
42,1859710.0627981764,6.338875672808883,1388921.005905216,3,34.411435828887434,72.57115137793144,2368241.9622216998
54,1669290.1487675381,-1.39887785427457,345811.04591749085,4,43.16896735407869,55.69589593713845,4346579.257527466
20,1022615.5044836792,-0.021847385763238858,238804.715696115,1,37.280818809027394,95.76251603701225,775282.8092648045
35,2301557.030722536,6.814612264901596,891037.7407783068,4,69.35842734961784,87.39558966728734,2674230.1291360534
44,1291394.1286712359,4.853363859431181,427226.29106460046,3,26.553864326749363,50.40450290934142,7098661.734744651
40,2152374.3037286494,4.713915209778968,1081691.0402256977,3,67.62405070969372,73.5305284869405,2065017.4643084337
26,779297.1836984691,2.190582880975064,436125.4421207947,1,27.890206116280847,84.35267842839932,241841.3791666062
60,4574046.5628461875,11.138183119874775,5366978.214040112,8,37.67392943551819,38.31871194876132,2001355.0252492696
40,1449522.5200660515,4.610156376903246,476738.6489439485,2,51.372179257888305,68.69237383120125,4408781.5549294595
45,4569645.427749229,11.493253048516904,6613336.532539731,7,37.89397879394288,63.6400157543713,2317346.292821138
34,1371934.5367331346,8.84736418588129,1411506.5892599665,4,84.26947182386627,73.94644632976201,2491480.1538675185
21,687948.2720248767,2.6760183128105908,393256.18672386836,2,54.60383275526006,92.65546461126348,426965.8490631194
37,1437576.1981911173,7.766380227197184,170179.5091167331,4,33.12977818272751,48.71881942038132,5164225.1744824145
39,1775980.987965437,10.442465460270768,708144.0080026838,3,69.10394535397384,75.61622211108084,1876887.8722718125
19,1137054.4144962109,0.9284320421633541,160714.52515260116,2,62.71784593990627,98.56885501644722,695574.8726809083
42,2146522.3802548675,7.063161607899386,1295794.836006819,4,67.19558836778295,77.02994027687564,2591469.410101782
44,1340586.307158312,7.457159749252962,912319.0809985474,5,57.928053203375995,78.46084438730392,2535809.549551079
46,2292293.300180562,5.046800877550971,270779.0128520527,2,30.174183646569013,73.37657102625647,6013374.90947339
32,1913706.0136793822,10.522471570615357,907034.2989273862,3,63.034989353960675,85.73215892797072,2615178.00245665
18,930576.7282550714,2.746559144398823,259081.27378213304,1,32.38026533780635,85.52423705633,950092.9654351702
25,889996.003000243,3.4930761001062898,191911.68548623362,2,42.34550046714218,86.61986105972426,584541.7846112986
43,1478929.220826889,3.187677677899898,360502.92566665163,2,41.07733686366303,46.194853797823555,5129098.255648566
29,866105.0027314886,2.7932880986907285,312405.36806947005,2,39.081580179044124,91.05079094080023,231052.47415484
45,4193722.6603785814,19.62243003684231,5946130.161315925,6,44.29123692335628,44.55398254962431,2374789.6177595654
51,1483962.4851866816,4.545231192171495,582995.7240240171,2,48.13400634766067,50.896533717334805,5722733.643388581
21,799366.0904335805,1.6402832053046297,318174.38021405414,1,60.55647978584111,83.49358746946668,295259.39806494967
55,1547039.0505841277,3.8997988196606532,315588.1834824391,3,38.721789526981084,72.43034975932763,6286556.012835379
40,2007275.2699457863,4.792434618884544,1757965.240397321,3,66.21257648327892,74.42767911427082,3177952.74809838
38,1976110.398353022,2.934886769026722,938346.8607021057,5,63.05520209529304,83.33861559863118,2859165.8328719395
25,964338.0561389778,2.217206223826548,227225.3798917053,1,50.52779573467419,85.6772195628613,365388.3094214224
20,814529.6309840844,3.0609474431370494,311217.7624706996,2,42.25769926685402,94.47291248239227,443606.3824877511
29,2172659.1203276482,8.733372878788526,966261.7703825524,4,54.41531109712227,67.24141898937539,2408576.898638994
33,1538040.6016745516,8.047495466050982,1628927.1609330408,4,73.24094698853814,76.1719817223259,3767099.075293219
27,1843813.4657497732,6.705863407228933,1070285.9886897164,3,75.05353569201185,83.78436200439864,2027555.8305314593
32,1537315.5755211024,7.725309294801796,1090930.102081554,3,61.23788619605962,72.54126937084379,3781432.5259490944
43,1779213.5685222931,6.209021734964994,865913.0348779602,5,43.09991023401143,61.43902349757815,1871835.204387658
43,1561392.3720185626,3.1154354088116367,584211.8612735235,3,48.21040105081142,68.64210787096063,5954302.499177129
62,4370226.396661781,15.512561246316801,8252582.0701810615,8,26.508269147493607,51.690830980965934,1583827.3065799545
24,1084065.92367126,6.74569665279636,490842.0935939003,2,42.570912379795814,50.82049396451511,5082493.350681631
37,1734871.0670379896,5.236426900653039,1073108.567125589,3,63.03226805942515,82.95888310645641,2074321.792720094
16,737706.9600705642,2.079783495187378,209663.2488458234,1,51.92775308378128,92.22221599479613,358462.42614513345
57,4864242.471325669,8.681043362246463,7183713.083113576,8,41.23914148044145,59.93399467087196,1326333.5414829822
54,5001259.221393702,13.633862559578464,9675719.88638157,6,48.25879413407546,37.625180265836136,939530.3230385775
22,870745.202327886,3.35143538777013,224588.5330580502,2,42.543568429303164,90.40916410443099,716832.3239912271
20,848524.3195990414,3.6691709356300786,231465.96776125778,2,66.56226434381685,92.7836511643222,470067.48480071354
26,870336.7802865398,2.6100099355134136,366995.1325082839,1,42.747661123341715,88.93529390283963,565304.8236498118
23,799812.3574392366,1.955000760851077,473230.18741187156,2,12.307595730871157,89.26025758830822,396543.02121857397
53,4494847.479645803,12.508030069373383,6214343.5386738265,6,27.615942609142643,51.76596477777612,1553950.1849252493
40,1333929.0383371431,6.482490686282569,1317164.2473874127,3,55.078904045555646,82.7976153373894,2423797.473904763
26,626889.3636367323,2.7058238493746742,260703.27129153354,2,40.8167034809159,89.64350874292111,467207.474187062
26,860094.2051203137,2.2591707617098096,279915.67515191226,1,18.969219888784398,94.3949270623795,241458.1316916042
34,2098462.773691657,5.834375673091083,1936500.914804379,4,57.692508856434586,83.86649186229276,1819947.4474901063
28,1133984.238757292,2.8654675987573004,203783.38918668643,2,51.12416204805445,85.31672515219772,224149.45045059267
36,1703899.9485554541,3.8905792084396174,1260477.0026165347,4,61.93192379626146,80.10640887088724,3005017.537170682
61,4366496.2922185175,12.090179078451246,4707595.302287495,7,43.13807096257644,43.144848240077984,2167553.947206281
58,4148354.8822950823,15.872049805356975,7270205.732806004,5,35.39604474736353,54.41013058943496,2175598.215420777
25,1807370.286863046,5.649578048318931,430247.6070812421,3,28.87057855620739,80.3485718558807,6132026.512306633
40,2461065.7202408067,6.321418523422579,1460605.5647117435,4,54.742604075003165,67.86227577232154,2442135.724281483
55,4729171.780881008,16.71301333189275,5935268.086337494,7,37.74325588282731,61.15602422223982,1823707.1896971145
30,1426383.3755400546,5.797756636404117,568192.6272400927,3,35.57759901076516,62.90039543082232,5642258.495499754
33,1627889.2812935705,3.5049680341544276,519527.00593507476,4,21.766189084617565,65.04936553584075,7334883.279523997
41,2183534.5484399293,5.2929597618129955,1450439.6302178635,3,58.93057614242918,59.43957826776136,2638767.9253311325
53,4052720.817260382,15.650039215045561,6615299.196431762,6,29.812571134238077,49.025119944552245,1635486.892343522
27,746324.7160239412,2.8079057817041795,293403.06413348997,2,29.288430974910113,84.48243823527707,360562.9045954887
43,1657823.4386399665,5.063412644492724,505335.737182255,4,56.55416819955221,70.75412294213412,2564844.625444654
51,4135368.7861352717,17.408740435092096,7268181.1961098835,8,37.793646873022354,46.07905757117184,1648708.3532469023
28,952167.2104134221,1.179838567216235,291902.4870755869,2,53.82061782952533,96.46905133859211,429067.99905434944
30,1925153.1390241357,10.687584746918938,836021.0543255067,4,59.020414616546816,76.9954734207434,2881201.0761884903
49,1306260.2244723274,6.067547258218629,471204.3265569499,2,34.42047030367829,47.355580116180704,6763693.026928567
41,1745690.2104908118,9.40811165152001,1417792.3055711777,4,60.06888385792987,84.02783256060603,3142173.656051164
71,3978163.048928035,16.03846764371143,6609688.535869995,6,50.127148460698336,50.56470234263125,1574988.7977731598
49,2007239.203462104,7.784276484424666,1470424.4555473034,4,65.90406017696374,76.82991905163001,3242768.2754591308
18,983405.136643092,-0.758801780532461,320624.94043182966,2,57.77276687449661,88.19323891399995,657477.4377413169
55,5018828.392394997,14.475947404028105,7864905.962138161,8,46.30080165647822,58.38821929132531,1614143.7613513784
58,5902104.474271304,13.517081281747458,5848599.389985762,7,41.11670666372987,41.67734611714785,1579835.0436762392
42,4007436.3053024593,14.68132145670283,6759148.732639844,8,35.60985839788896,39.98112211138537,1501499.091742804
20,707463.3189775746,1.8094253835030378,390015.5293777521,2,51.23407602133679,86.06878236910046,414150.3456033416
26,919614.1522101116,2.2461256810398895,208167.46799957257,2,62.96148196574964,90.65827333820054,613523.66493585
22,1106962.0726047673,1.9665887900841965,343252.7091245292,1,51.10671757090251,87.42806955913002,606494.5640618742
40,2013721.2308564035,4.963276594339677,1569712.085681448,3,72.98773288435913,87.54153950391823,1908813.8564091255
31,1964514.5542049662,2.669895283683341,1991073.3738184865,4,52.68842597028374,59.57088978947313,1795539.8171682665
54,4186951.145218839,14.816953400408323,8816122.806722665,8,27.552733268296123,49.935063699990486,1880050.5150010372
20,1156525.7567861988,2.2003839916359014,170271.40358929298,2,55.84580067881444,86.39448350234588,574572.7624335793
55,1631707.5223668332,4.596815210246245,492995.2546972233,2,23.449542730693977,37.16656005406943,6348468.595335765
36,1738494.1120151891,3.9726036298229657,568382.3469518377,2,30.473751810937657,60.074026278135676,6833513.991739666
38,1484553.8620610812,3.0220687546919214,252018.6279929808,3,37.74403758181126,68.8361325016883,6607666.44538902
48,1664323.2454563424,7.564529694593233,403033.9354663,2,41.99575882606162,72.86576105353429,5565358.172483955
48,1275774.6158662953,4.585341369142218,155227.25001843995,4,25.681758109192373,63.8443174953863,5812908.426817707
42,4458444.0160563085,11.44686068270131,6941273.53910721,8,22.713712228581645,48.278259237380034,2215017.0153535926
29,831854.0191270376,2.492829685356715,338873.70853008516,2,48.625028779459804,94.17432369601501,497221.6642844696
40,1615979.964439583,4.600481009853748,430389.10182788933,4,31.6225311252989,61.4597021887263,4905037.328060169
45,1310566.9539294583,3.608131522691533,519562.59924295417,2,38.975817521884046,82.77520011767018,6812560.04944631
41,1644901.5735072726,5.876615747987713,1303157.8423165241,5,30.853324192630307,78.39753596722774,2089561.4541886244
38,1810848.4146720085,4.026564055349089,1725124.8662156546,3,70.25341706340163,88.33537417355105,3244004.1025043083
55,4099258.593967744,13.859988436133483,5880063.158871299,6,39.3950040466262,55.92427815643755,2123491.3962639817
58,5112006.155510215,13.21531794068321,7536421.8442479065,6,42.81850670151072,75.8390115095183,1910891.3554833687
34,1540065.355109722,5.43018357914113,584892.639121554,3,37.31682011776737,73.84063832569967,6140665.805730678
43,2053905.7346887605,2.7145191422485535,918152.9587131708,4,45.093873899108914,81.28997263171557,2290844.3344552144
24,1034323.3069908328,2.2005599331902697,311029.82934887137,2,53.92912292825714,95.36286970233708,396687.72138236585
31,798980.6386829811,1.9513611407918896,413383.3495151088,2,46.165439971003636,87.08681653638583,261363.71909503645
23,906071.8432057359,1.2602379510320758,376958.00536871393,2,37.57242046315166,86.71646088739215,565913.8906694136
47,4638901.9189353855,14.991971276686966,7971461.9368221825,8,36.91170949024186,37.95584650102478,1920662.3652899545
36,1935922.4652205666,6.136145546475462,746244.1197021392,4,70.92724193387292,84.40228016230854,2149110.192265289
44,1092683.5718333633,8.562686111078897,513939.3203681817,2,37.85588774334269,71.48199646465933,6861218.205071276
28,1045126.6254051265,0.824678121619812,437523.5496472955,1,32.073454553133935,93.97328130660891,439195.7876649541
36,2259149.04533923,10.150475332638418,1484893.4972347189,4,69.02591011170429,72.50390081899157,3099706.507466408
22,931015.9165360598,2.4883433006792184,471762.736458101,1,42.60885177737801,92.60615818094504,314626.152294128
42,1939870.9909491285,7.1555178227194745,1751800.6816303749,4,68.84143895192467,63.81192466115062,1266796.5716107113
27,2002249.8004768586,6.865111423556021,1547589.2477593129,5,83.81702166240396,70.33510755617512,2689989.841982559
28,690501.9443919815,2.341405864690304,222859.5012934848,2,32.65240395829219,91.43066388304518,735405.0218807256
27,1305243.516260512,8.782269966327389,1691880.9349629402,4,55.58412964755928,75.27659853324941,3411202.8425213844
41,1835815.9499260085,6.535383303695967,1463988.9371702983,5,52.43586523901117,66.14867848251546,2078085.1319322432
20,1173872.4937733186,2.3042342769627564,87064.99428709148,2,40.62072910829703,85.14988756860997,659325.755279971
35,654742.4805105515,1.3381808937600432,231499.81558275723,1,35.912989236971455,84.99525387813331,573654.8316390074
55,2038692.584871017,3.4276048500347196,540504.685808206,3,31.810797312779677,84.71451253724636,5146521.121151136
33,816111.2000963821,-0.1092994123863229,347189.7264951296,2,57.19497741551575,98.53180346373924,302983.8229336493
27,899898.3747987801,0.35285936574860943,301738.62715574214,2,58.93076852901382,84.74202976863896,739974.3131262162
35,2144930.8746907865,3.806999015224244,1330549.9507057236,5,77.9878057505924,89.10568899724952,2330328.7448225953
28,768246.9043695774,1.8164420158832872,273009.33592717734,2,34.52496730493606,92.76905370501909,449810.54765798734
19,1015529.8255024912,3.897522899829524,339848.21579066396,2,35.95623435141002,92.75132667122472,501882.5830368779
34,1439422.5478028385,8.232517750408164,415004.635892562,4,44.52881588224575,45.66765617459643,6959379.606561411
68,5317342.559345379,12.275523581277584,7646681.712491026,6,51.345318467954925,42.988842291586494,1925602.2658302225
36,2035595.4268077842,6.043367155375834,553337.2846479748,5,55.59775603174628,73.91412261620518,2954682.2170541626
43,1392935.4288800093,2.145062048197518,233348.9679791844,4,31.178749381299394,65.86510147568053,6267738.387965409
36,1606891.9571934084,5.449570928588421,442882.7558535424,2,31.944719864915168,58.62077527493355,5514304.999652068
37,1497555.006330425,4.9457860545076775,516521.38981475093,2,38.78319369964816,62.46683519110222,5448012.178714789
38,1752158.240649643,6.925373704315382,1422774.7878343905,5,57.16341540507088,78.75820459521705,1759208.095448559
30,991825.829776465,3.1914558913820787,415867.3658414543,1,41.89157498023701,88.05943399815673,574430.0219766628
40,1948053.1343312752,7.652291045681459,1422918.9352145304,3,68.512086236015,76.8689609669366,2988184.7677471284
52,4583793.571790948,14.594495512501517,7003327.6341055315,7,51.53763225862322,36.28160567997401,1601023.6554074744
34,1813153.7655200264,8.741566461286844,1039071.6134347386,4,51.6901058010407,82.78897555945122,2804231.3168009906
23,1939191.320036489,7.759666801978869,676528.3466915949,3,24.00013228460272,44.63938304261329,6040074.110996021
45,1768608.2202779618,9.408725018638194,1422658.218655711,3,75.00596735873896,81.26545972619178,2479390.531912691
50,4619701.068806861,16.694267515711605,8287570.902733221,5,44.77913015032013,46.34888645669046,1896104.4786052264
42,1530252.7028287458,6.645071464196301,1660164.5262137977,5,61.12623223026262,64.30097967783077,2878124.4159767143
52,4214933.80315247,13.36404052557597,5904304.597133766,8,39.23737362037153,32.82948438768513,1276950.3625942697
23,872302.8843552244,1.4909710894087955,415016.0910241853,2,41.881352368354946,95.85973260219502,513845.36015393306
55,4809559.600344992,18.764090679168916,6663431.011246696,5,62.565641262624894,59.33129441323947,1214714.721613157
32,959770.9217325904,1.2619227800241242,300892.3510100226,1,39.361488636949964,85.87211054676023,496867.90444709355
38,1689541.3810349503,4.81522506135533,1459913.1516118546,3,59.483969660655376,84.4846449857444,2912301.736753621
27,1055307.7504274873,1.9183804104913709,218640.03710188603,1,39.536682542050954,83.71074058550938,458225.18945131014
54,4468823.70512147,18.529967302056274,5933740.843541019,5,44.231471657426404,45.184007930780325,2544173.60161356
31,942453.2245519293,1.208886942243418,141002.06328308157,2,46.33251478414977,92.29505953306922,541832.5954659928
60,4817250.240516354,11.872146632289544,6524462.35761526,7,50.055638527828265,55.46178537179,1933386.348770284
51,3961049.078426403,20.548463639369473,8607815.125146143,5,54.00134344153939,43.72370010050912,1945250.288057908
34,1492562.37600138,7.961755332594734,1177147.523390393,4,68.21627772058126,76.74232710586286,2166651.2119314093
47,3671501.5045505995,20.5409440588743,7370658.262903957,7,26.761680652933176,62.67830083940996,1380140.7748250137
21,1111836.669966575,2.1190371179994285,472510.16901521664,1,42.33352336477628,88.76288829325136,563603.125485571
30,848354.0400192908,2.0740972020512474,397167.50582063996,1,39.17486312678865,86.33392085308151,499893.5205799202
30,907347.6678334321,2.7784991070010943,251985.24143487978,2,41.30811005004842,95.98487590058674,564305.8940236389
21,644438.7057890863,1.4577046578558603,239404.19260350053,1,35.850454541012596,93.35536298161989,14280.325011546025
15,779704.9047392048,0.7604138217401204,479094.97575932875,1,28.813744558977007,90.42588174955016,424944.66728305654
36,1669156.725472158,3.1295840704375424,717437.6117315596,3,79.88846595399781,69.11710051141212,2719654.346086602
26,1061559.0944310795,2.5290001283348316,405720.1743064902,2,70.7393676913208,87.49139636059766,443713.7959966051
45,1431476.4486808388,5.390226490074717,537855.5190251329,2,36.136731460683194,65.81085844812233,6057662.757545936
46,4292104.836808638,15.388476414523785,6945702.157576479,5,43.187247544859034,59.7154951983498,2119961.9737194735
22,863641.2239255913,0.5410759169131125,428915.4520178806,2,29.527472585289978,92.96599524011374,323786.680961926
27,917203.5398977215,3.24096944088046,342092.2545944986,1,39.41058373817644,91.39375837301263,628800.1671678285
39,1880125.4034923795,9.780729329645158,1695115.9382691057,5,63.749923469832076,89.5684980183825,2064282.397257674
33,1883692.8902885104,8.21702312497357,1359703.0444981074,5,46.40140145900499,83.31604471740282,2862827.415105858
20,585059.0668488962,2.070596573572229,397151.4810479324,1,32.50843043547953,94.28570524128455,485190.93084299954
10,881798.546790859,2.825754151342881,341079.1302950013,1,49.537660048714514,89.58214715305182,356736.8578336487
49,1670815.6513448355,6.171227271397207,262885.8186957266,3,30.924471807976598,64.59516719831646,7118673.302904361
52,4150440.895658095,17.161241041741246,7067960.502080087,7,39.659602285375364,36.28863664909295,1784073.705913384
42,1213086.7346117254,4.554064110399305,1073065.2591627615,4,49.418167844834315,67.4011564431271,2269970.1591720236
33,1086742.3515159835,7.394924372914744,473835.499201562,3,35.76601649001663,44.35864731413305,5721006.370477124
31,1909047.8819036607,7.2049881389963515,965772.2912863278,3,62.69852796663358,73.4491777475419,2823051.9607826597
27,847324.9602568122,3.7427760397594954,230033.00057651714,1,42.15868238868279,97.80776747723861,442919.26714807434
19,756808.2499511035,1.8938285154190024,255637.90478161137,1,43.36612452509541,93.68406907977882,375118.1750925033
19,813328.851631203,2.5508414275478564,233146.72436483347,2,36.943455283542725,93.80338221979875,415207.9628586303
55,4959291.535662908,8.968778512456193,5984829.356467051,5,20.45388154072458,41.919490821555264,1884554.8699488204
34,1548003.509522741,5.65675809755602,1637927.4872231558,3,54.37119896839862,74.49698535897315,2426064.624592228
54,4923039.374865431,14.031516968637122,7150874.766138498,6,26.301198357798597,52.672787505901844,1984894.489704763
25,912635.0612398424,1.9585362368946668,136779.97537412733,2,39.37625202506709,86.1120665952632,417541.88530132675
39,1428769.3345463565,3.867838924914414,552217.6720009034,4,24.84933895760188,77.15293487569956,6976907.230523898
45,2011104.2161359321,6.556722055432016,1590097.894745125,5,78.61185451855255,80.30906832756891,1757558.9627700783
53,4143613.522554067,8.383648615830143,6667331.237718186,5,36.371497310024445,64.13403512361198,2029641.9724380933
18,609036.1585556676,1.937433293550025,216991.45719063352,1,44.30730198991754,93.30121466616559,592295.335494597
26,826389.183674493,2.6383878464840964,324415.1739789404,1,58.717325665485546,76.84484686379653,792601.57217873
25,1063567.8693354954,0.5443522853382634,189419.72508020062,1,48.377099788288895,90.01057191386333,743878.5109096512
49,1278830.028222936,5.2646536225188605,309527.2255161692,3,34.126621889488334,77.62499775994975,4470534.488690998
55,3867905.8424856123,13.06058770315841,6483445.562781024,7,37.912778964895686,43.55846561929242,1202601.768600156
40,2057032.9055254594,5.6240316701403685,511225.7578116633,5,76.12637101803983,78.4387777147363,2446480.754035603
41,1930801.285307012,3.9971761396170473,391838.53668490425,4,28.998983950992045,64.8971182542016,3987780.2071550586
29,1152056.8963850816,5.123540687921486,268941.105130991,3,30.658099468802142,74.91216309051026,5683087.8805656545
48,1535876.91253056,8.449171764496242,286940.17507885164,4,27.629561016513993,55.76206512038076,5597318.299205482
44,1840911.0995918019,3.140637284963133,767031.8447157831,3,81.66395578581276,76.92883794079565,2742856.6944143674
30,1881513.175139893,5.18834012174496,1318708.2494531248,5,60.15704740541608,76.57096045304671,1930614.4235615
24,672166.3347587027,1.6231967675749117,298756.83141202026,1,58.096946820823426,84.60921538090142,641583.1026084931
25,794818.2701240262,1.3636353168239213,191902.12676028284,2,49.71092206026104,95.9677598279583,544914.8593466852
59,4038219.431357746,15.74455844718462,7532827.109978583,6,49.40927781573172,74.79309010638909,1930476.6123018626
24,983211.9461704344,1.1181563682394464,541247.608011918,1,57.41263640244161,100.00763553767979,601543.2537616116
61,3967796.5196039095,11.134142241712354,5943292.383178182,6,45.84966394414106,54.251583273484044,1429775.5368703362
29,847814.9995928687,2.3504896751832214,279547.856323374,2,32.392875923948466,86.92147458042136,760374.5894742059
48,1395684.2397799832,3.695000335280562,290558.6673263749,3,30.677464444810674,62.535825823999176,5277295.606034238
34,1608463.227335703,9.877753949552433,1290421.8307835357,4,62.33899782013267,57.31317813045956,2739898.3675614353
26,1002646.7006276312,3.847127744473952,157819.9376545074,2,41.1939656232106,99.56854117140942,381505.52977062116
58,4214674.64312257,10.880464137615453,6430140.085668125,5,48.40999602369729,61.51718038958668,1172207.9453303337
54,2163659.9128293293,3.3720316469807012,272129.1682750984,4,17.264341541328744,50.63847406323614,6233662.134542079
24,848797.790147743,2.048952020255282,396333.65457543253,1,48.400351876525036,96.27244519009817,684503.3957321674
21,940436.1201077228,1.7837187086467456,414265.2253517393,1,48.713857334220144,94.30258772880669,342534.10038574133
59,4457234.794547187,17.070731057369322,7659475.073738371,5,24.795326044970007,66.99832745129589,2128611.651304397
28,1650487.2761329035,3.0495661307206214,481809.30265397334,3,26.893697846467866,77.74003638948429,6327860.527090171
24,710920.6057498113,1.5656811859823194,305675.2939742637,2,54.28216808603675,92.72016840615106,397318.0393965668
41,1870092.9937271946,11.152414024272314,1208823.5896798677,3,65.82087658648524,78.10238925444648,1642530.8961698746
36,1785796.3546296041,5.293302453775343,160567.65380616594,2,40.17470685494066,67.74212439788187,5866610.24003061
56,4943122.915744365,11.651995093407525,5897983.331942401,8,49.91316866397338,59.44359706329698,1708854.829189637
23,911706.0116148111,1.4983509533716068,396513.90249317104,2,54.978164134525024,93.67777534211073,625133.0884284644
60,4117002.3245616807,14.326712101440927,7490441.32036723,8,42.42939969826561,63.26674542829768,1637455.3354279848
54,5057162.986845679,9.869416755688933,8344457.086054342,7,42.88095292434634,37.391898034764374,1254005.2181981625
56,4537132.116465645,18.89652741163613,7166430.740638034,7,28.32196855324834,62.38837331608949,2636611.7164217285
60,4298009.26246282,13.646861380770533,6612098.08714929,7,30.614675473100874,53.297400589163274,1837721.9696286032
24,1015805.9744441913,2.8361027289645735,539908.8340189401,1,47.25674802464952,85.63011091922988,375111.81933826936
62,4343868.038083674,9.719523089537939,7405086.5071866885,8,45.575119544892026,33.539374297106576,1642384.1929395334
38,1637702.3958857174,6.644765030106384,1768866.026576694,4,36.53802525207731,78.06344753775039,2414679.6406820444
39,1791704.8756354998,6.611215351738381,390621.0058067721,3,24.199385977060142,61.95195434748487,6738938.159385728
31,1669856.8081213264,6.1881693389302335,1417610.9757632734,3,69.43711846008223,57.59333110524838,1900823.1669360134
48,1945609.8559551972,5.6371436276742015,1237958.636859038,4,69.67548054813558,75.3164208170994,2888634.4995608726
44,2068327.256822084,5.183948591159463,556133.2415606594,3,30.561897638331967,65.42966102359144,5958611.366326477
58,4631842.096579493,15.301011064901477,5475071.655363825,6,36.908345217168105,58.627035368813495,1642516.7349866638
55,1216726.1319938237,5.397492737688562,358135.8908170606,3,38.308612175219814,62.76085776558149,7025547.035171222
66,4377728.210234059,11.2560613280328,7767065.139368496,5,33.08777897643431,58.881578652932504,1611816.7500153887
33,1033695.3429233916,1.9579965138614337,291774.920729204,1,28.675905696977367,85.60662179154437,367192.9560916646
39,1422645.9569897878,6.939281529958595,5812.756877206848,3,48.159349573746596,62.4007675445156,6136617.904703909
56,4898278.750378429,12.708228472431916,7355830.246750664,8,23.771681287268983,45.766378919371725,2543976.176681701
56,4105678.6014594,17.390471450444,6980454.876767169,6,39.27206158181836,48.9207830273475,2571653.7253860985
23,1114782.6362561365,3.272043506971535,380645.1828392067,1,46.71908474775431,77.73458972879263,636417.9462640329
38,1994948.9812078672,5.842127271777741,1711111.889735318,5,59.05969145840126,74.76147808705174,2827068.84517508
48,4645817.442220794,11.502697668286348,6509291.129676945,8,30.91673618740593,41.69749409583939,2094825.0690669226
34,1985139.629045375,7.808493945808757,1203541.13456077,3,84.15984831848155,71.27886650694863,3180813.978610509
24,923650.7672325386,2.958123283818079,222344.79844097127,2,70.08054594981968,91.48487376516675,567552.8278051117
40,1361595.2392900465,7.034743748000062,1061562.2874322818,3,42.92663194022268,66.7820803292896,1979825.7618161933
51,4453111.705943874,15.38090394059413,7068557.900274941,5,41.28842089842504,66.1179387166587,2151256.6416960736
27,1281185.5339518648,2.1740951371935746,350514.9931633461,1,54.52561621813487,103.52095348890421,498682.117773755
21,829537.6797764087,2.3307326103003483,339192.31980930397,1,25.211615798174293,91.92988267876022,502677.850412725
46,1310323.789504764,7.726692949359897,1415585.9742265986,3,54.33924927070362,73.3981850339524,2490783.22897998
27,894871.0101416906,3.0255398404364056,445687.7071336071,2,40.305865960591106,91.70875753402531,656317.8470478323
60,4843839.785661824,16.78117456019226,9119693.382567497,8,36.606346746186546,55.90951508227092,1701858.5062445453
55,4250397.609838625,17.401011186745627,5348284.574583473,7,34.62923972444072,42.139073885937265,1370466.2404594943
38,2004303.5314285287,4.04590972399029,216378.21064004587,3,40.36431492590524,59.98889796881319,6232040.549758879
56,4330274.831500873,16.50743065853876,7105497.5728576435,7,26.693299363921376,45.933206097435374,1988269.2002103147
52,1592732.3032957418,5.084945178372911,639282.9126238318,4,37.50498646225283,53.684052035836075,6046895.527551393
39,5097415.634720125,17.914930943900146,6953924.740267302,5,44.05672596098286,47.965587984303326,2209428.2299551144
21,680154.5153825387,2.9703170375365993,30211.768633320113,2,45.943669181280804,85.13103539770226,445683.4462283152
21,962808.4082010492,0.6200702760408852,285622.0759535451,2,28.94014667267919,92.9668350766584,243353.11008138195
38,1622420.1165804695,3.551693826512174,896926.3957631937,5,68.84363923590591,76.013470081725,3288395.997008493
23,872843.7225031632,0.6214258644059172,487789.0897626702,1,50.21501814169038,95.5848029385538,386184.2668435175
40,1866798.5380911084,7.198133803600521,1706312.9939031904,3,64.06023060888553,79.5771728944851,2015325.4723647693
23,896249.9457105929,0.4448489906828954,390921.73866509483,1,37.654150285386685,88.02639825448486,395748.13557347504
38,1657085.897032387,4.072494025861413,1168326.5407202467,4,64.97577636696678,84.41723200577903,2356116.5630368325
32,2093151.2078537135,6.981049070115865,1308961.3343269858,3,60.12759782423853,84.39928077533649,2143494.4896721058
34,1384051.8864616756,3.5741579934805836,465116.7764451297,2,41.094250296205914,68.50904728998218,5250010.225794848
55,4944739.058472333,11.263759919098346,7606109.846763225,6,49.54767480298153,47.1039330629792,1818842.2434078618
26,973704.679883004,4.254648390946335,96966.75634897166,1,49.02864156167826,86.96876994091465,662861.8563777079
54,4633794.758659813,12.014717450413624,5975835.577864762,8,36.90729966568252,57.75828694397792,1439201.145975459
40,1294945.09063999,0.2917450609783483,302940.68555083266,4,31.567672086185482,70.14040769917533,5158897.891142787
67,3919891.4892029325,17.034053533929605,8263459.148055939,5,40.41641385139221,43.5060363176168,1538446.5828865266
26,2004668.63349464,5.312609348310523,727535.8887296661,5,54.55697263535682,73.97378754635739,1974190.9279744918
49,1568576.2350295049,10.215549535180882,1422907.7425058319,3,70.57371878693843,86.74930640473178,2743884.177045343
34,1913376.2055481095,3.2046926301233998,1337888.264941297,3,79.16271162183223,82.31906808120777,2295043.4831702337
46,1653880.2042032995,3.273423718144057,620962.8305174438,4,36.41360443747035,60.01959060268147,6130958.004216059
34,2004572.7652450148,5.894329165125493,1108609.4072478374,3,80.8793407368012,86.8938227006175,2201302.008881922
33,1444939.8093600445,7.738475696688862,1265151.598801906,5,61.637792466334076,72.78763096413994,3026188.7547013443
41,2060575.539596412,6.7496382689811085,1076296.0412076279,4,53.50727143688867,80.20857860865388,2550884.6667568237
60,4645720.780702835,21.453579850686673,7263016.117942682,8,38.266957928244935,63.68330605771049,1946283.196331274
33,1867093.6831445668,7.472631834172308,1559175.0636885944,3,46.766104855192275,68.66042075424565,2985906.3301904397
59,5003939.298842019,17.69576022137808,6609998.678265141,6,39.5163325566461,40.59606996892459,2730119.5577724436
58,5515495.07651339,15.720039933287609,5707006.610986497,6,48.19321242898353,53.341087740223934,1355965.5013189623
64,5750213.339702825,12.484011944182457,5793798.365179433,7,42.195740241829505,55.1203587195378,1866544.8572601017
48,1880755.715804858,4.975393179942483,1251974.8825964234,4,63.408284985974085,69.66988779544418,2881577.443160467
25,974060.7188640264,1.9272523495986857,286957.02594495215,2,58.589701984465805,91.10788454454615,589105.0853290342
41,1898679.8243617597,5.990029910117179,1175754.4703157065,5,59.1473913279906,86.42607910435441,1861248.8011364546
56,4447782.475380423,11.035771118904556,8130421.674759659,6,40.36706003208374,45.79499852607303,1547671.156049883
22,689801.8349847256,0.3368681829349498,348354.5740800198,2,35.3796614850281,91.14652306863499,396651.8318486854
43,1822127.5128325927,10.980853513991455,968843.1294096855,4,71.3916610155892,58.12075248253083,2372873.561617099
38,2185483.109697705,3.9332726940204172,1792815.018171383,3,78.01457075273251,73.97504458113966,2413050.2790873544
38,1898237.8945461528,7.553462720596204,1072691.351993061,3,58.30397916478323,72.72649412655751,2095395.5635778822
49,1877344.9339442025,5.0916597312665015,1113344.2677188616,3,59.76118172243599,60.40305557487169,2396672.4022909766
42,1783983.8213515729,6.151255348460676,1108381.0023560065,4,56.569282555857534,71.56337055370881,1619120.092798947
49,4237787.010126619,18.47622421761729,5790537.871665057,6,44.023024981119356,48.365942097203785,1945490.528415585
51,4317233.426810811,18.3491522959934,6894768.346790484,6,50.60212623367171,67.80966877943132,1976226.6142719162
55,3910711.4202677747,15.098958881215031,7277817.315896374,7,40.390367325913104,69.5362523112209,1277677.5029601408
45,4477893.300902509,16.887157493364278,7681620.74960452,7,39.33572564629424,68.91864544520416,2026382.7040157884
27,1527175.8695612566,6.152361415388852,320949.68239555747,4,29.65526307296766,57.963109582317216,5634080.299709785
47,4519645.615945374,17.607384702169327,5602854.159883312,6,30.47731831008774,72.06301780674775,1906271.8538282667
37,1347375.8622600972,6.5232397588651985,211654.2785439171,3,35.97183915958919,68.45239219551794,5431594.511925399
39,1728179.5398000604,7.0644818951754775,539490.7212856591,2,23.487245736896732,87.34192119259731,5453274.285393135
61,4203381.079626964,14.858180172822244,7251791.286884915,8,34.58934169083631,50.12531031122229,2013379.6023964267
35,2019410.7315265224,8.201181241602669,885385.2026099374,3,63.284400366987875,66.86124934069193,2761417.0929719987
26,615941.3422747139,2.883278566007192,394662.0038532779,1,32.43393263800546,82.34248466409699,615097.3250831576
48,4706016.728164882,16.1375369851295,8529012.001252532,5,40.57342377930073,49.31478914053004,1655399.7542816265
40,1417675.0489552792,3.956044156536461,1069265.4623662315,4,62.122640941591335,67.35534737242735,1989088.857326365
52,3697909.6306002666,13.527933696081117,6766769.060845271,6,24.455563769854002,61.61542076039624,953683.274518082
44,1562023.1085875116,7.737397872683188,1176961.5775162617,5,69.57229114888902,84.36008230930705,2433934.197029077
59,4892038.129690364,10.89203077844769,7456104.927804782,8,37.143628147389904,61.10472267253553,2432923.13276073
22,837508.6014237255,3.277331551107899,322178.143020209,2,38.02988347208956,97.39082523548775,583525.2776048171
26,1022603.5790302207,1.0142991621152855,366997.7741753452,1,31.688424407471967,84.6088878128009,693463.0645621184
55,4666713.499187321,18.838325222275387,6771404.45479447,7,40.68664025637092,46.19858805318394,1582197.8390612039
37,1702865.4177646148,6.06732483910468,844772.1814716253,5,46.360631417679485,79.16292081098379,1656824.427809048
50,1782353.5874072039,3.8438701399271773,354570.732807388,2,24.982755850098112,74.93270795795515,5834819.900174575
40,1882593.2452154872,3.3755455259643545,1169168.1922615455,4,51.63731882856517,74.79167052814553,1600179.3678017152
58,4261200.09137227,11.644599152526654,6699019.067591786,6,50.62459028740619,60.479696754905845,1685722.6188948331
41,1937598.8693731402,5.336352711541873,1736787.7486375952,3,48.30350094519336,75.56393436194921,3076922.4572617724
40,1901856.0241249623,2.65143460661253,524421.7626397883,3,40.392427382661495,64.78525744594947,6446629.764996912
29,1132684.4325206385,3.5047328153124755,444435.87016167206,1,41.754654737804316,84.13996935847479,456130.9279662735
19,859735.3925889081,2.7527710102571628,249348.59225954098,1,42.26323379358061,88.67466409675963,565922.9446985339
40,1545631.0787572737,1.7577870127663315,1240808.5127704288,5,61.000608063803654,85.00835237514403,2858894.1706855115
36,2179110.886308272,9.160565982086752,1253527.8181871201,4,66.67678332890864,90.2235774929149,2686176.066846926
42,1680573.6910396977,7.095598928131163,891069.5127385252,3,63.08248404553591,71.37482835094713,2315388.5083108605
46,1179584.7861437511,4.4420768808067415,397520.35223407333,3,33.46754427489729,73.3528475699944,6187106.32069885
31,802336.9067150537,3.8599921199257228,391991.1465070749,2,44.29453358422091,80.90868247201719,733693.8095341871
56,4624247.469077434,13.40264620323844,7554720.420613189,7,45.74064905863555,34.651888771255315,1340562.2044221591
56,4508234.034025962,18.754597433555027,7046063.836785773,5,42.07246360189978,63.99834440804755,1585267.7198051712
52,1672754.3532569825,4.7835517011512865,611175.5905582403,3,21.441584989049588,52.35983815175643,7421375.216790844
29,1968460.7270328985,8.274968682940905,1548453.6696937596,5,42.299930332229565,94.12306763691929,1905805.9725192408
26,921509.5146259229,1.9647623250660307,339746.87275394506,1,36.84510173419254,95.76426627114067,677501.2934231049
65,4401952.631496929,15.550184244541853,8328284.416505214,5,35.76430283107042,67.12128557601541,1733563.8755841416
23,955512.4090474471,3.8090864666704265,277818.1836053565,1,41.49205748751383,96.49358318489429,219734.30627333967
44,2090001.133477035,5.549995070863931,1673802.3328703467,4,54.16611025374041,78.05916860213273,2704119.022897629
30,732072.7830349504,0.5350126180836281,422065.662017556,1,48.955389993361074,92.24304408775457,412162.83686538506
42,1486650.3691704434,2.8986150853585055,337693.5501613905,2,38.86723808157854,66.11440008586764,6366437.865102762
47,4119931.8831873117,9.397803865335941,9279201.333225815,5,34.765717985184494,71.19451835542755,1131624.908774433
46,2009879.454285896,4.180473864080323,587586.2176877867,5,60.9573653044764,77.93681220210802,2144558.154515026
48,5491145.370413912,13.030625513502763,7278136.408921457,5,45.534415879410425,80.78400880411384,1522516.925739448
53,1457442.7017375394,5.611881289961362,559128.5410258626,3,42.491634529220946,73.98407389121353,6512755.634605243
40,1969062.871959581,5.010885585900069,1536256.122260929,3,40.84891250609992,76.50091738995401,2370687.494014097
62,4353613.01895859,16.03224737322419,8627858.716080006,6,33.88828592820289,55.25361073206456,1758507.485226215
37,1302188.0354385716,5.707306385284693,304917.75667661184,3,27.66560063197125,92.52365174647284,7137453.852666161
40,1265888.5674239413,5.806702255380281,325937.57954228716,3,42.07074326950691,78.92291089528426,5585039.096792206
25,1090354.797323985,1.2885668245494197,283382.74711237475,2,50.986033287474086,85.9081561929113,473456.14828627004
29,1208351.7350581354,2.0251851716613203,577601.1914790696,1,47.51013072628104,87.59568033875873,416577.85359451384
51,4542294.649840088,14.953406766569577,6493692.244504962,6,39.80708796296309,42.785863300084785,629009.9665433627
25,958401.3120086412,2.3436179221363,286540.59466246894,1,51.06282817433759,92.97136405404285,376296.99717595684
58,4880868.336722661,16.765079904253266,8405511.105922498,6,44.518207880343866,45.28273691766346,1581936.8734691048
56,3867391.760869802,15.543352769492799,6325957.295249247,6,47.969316497689206,58.68396083542058,1792200.901409265
36,1472338.7847950617,5.448280749362563,382257.49975298764,2,47.33830196691787,63.13511797949005,6127863.755566682
31,1481233.1385508778,9.501839982898204,789427.1607299433,4,67.48274124881446,74.70615203757586,2944676.709875889
23,899800.5586889528,1.8617382749238562,383974.9982230753,2,50.32285144597482,89.19009547908769,390859.2001350489
57,4645937.8964630095,20.063885825261092,8679176.724352926,5,30.22962337657075,64.58445486835471,2021966.0693243635
54,4710490.528835939,14.206155135839836,6210707.811179864,7,36.265152096875,65.35224277385576,1561079.7406732317
58,4637022.5672761835,12.577396938609445,7089578.557932094,5,42.14098249817027,52.8670322216553,458459.58006519405
43,1467924.9603633683,6.788839623945382,558999.3478692144,3,26.23400374952884,67.68806767640632,5384030.838666242
37,1518615.554212499,9.23667542955227,1617579.5043593855,3,70.78018219170701,81.32899195196677,2618561.7004314885
24,758055.5936156282,1.4019328959835051,383215.1135432925,2,34.73836010150909,94.24157597134558,387314.3167465434
47,2022766.388222474,6.83504836829144,1277582.6665797264,5,63.026080923947234,76.56768553795757,3122589.61542556
37,1976134.901993276,7.915993233878246,1529078.136942639,3,66.91167590253367,74.31107614499594,2063400.4311792771
31,1781951.9058787322,6.024240239008664,1256938.0118921772,4,51.88846858267364,69.68301960788371,2828106.2827719813
36,1776450.0358101646,9.024436171207658,1462987.2667992231,4,68.72969049918086,84.65316034350734,2405184.8932866757
38,2310508.958847792,6.7056823937491545,1456088.7721158154,5,80.92177071581946,75.4677810110349,2490431.156265879
36,1671128.4885447728,7.390269128679897,1171652.7090310906,3,56.20748579467393,73.36063202895804,2591892.8805342293
29,707099.5504181342,1.1993098685396064,251822.7353431971,2,41.436347942501506,81.25624629448016,427168.1315761625
31,1729149.2495433853,5.619062852530025,821380.5709559107,3,41.223622334516584,75.15579507183571,2254693.6650476977
48,1345190.3401567708,2.1357771443252194,634710.6861521692,3,33.7309090742332,60.354880492017585,5676036.985056
33,1486166.8204881195,4.398511438956014,182145.64781767872,3,31.65861334086161,64.8979066653251,5316571.451749709
54,3734941.52836075,15.474443825389129,5091355.586094081,6,49.53899032448524,32.38875883804916,1772664.586952174
61,4975598.999873997,14.959243998918792,7621969.308248047,8,41.73559907407472,33.59424783117181,2055063.4945832822
60,5173802.437722656,18.76989962389204,6139593.665671647,7,34.85607182500521,69.77866403234765,1273300.1453783654
41,1422400.6629057813,-0.39193835031018853,116664.35370916052,2,42.929646335664636,71.6369474906345,7184615.929735128
39,1728900.8193149928,6.650216213156311,1266372.845454503,4,58.60235449439022,71.54580479180974,2063151.5731115206
47,4373243.374129295,11.865474475421387,8433302.09714574,5,37.85980433060083,60.3865561213745,1822833.7487711974
34,2018799.312124282,7.95622520111024,1600454.5690981494,4,63.53263283924519,74.35177368390622,2246124.917152709
26,770794.8990100983,1.0285334530260446,281558.0357718596,2,46.72577170042944,100.11208816854243,506751.18882466096
40,4364273.279811759,13.075184454525832,6246256.45891125,7,42.43593334169301,57.139686877448895,1555951.234648743
31,1335293.0401038867,5.2806335950955,919515.0757036747,4,61.21976758875579,75.20177262472171,2919817.813433542
62,4097083.464832079,15.313716138922835,8299436.86558088,5,34.749217427174244,48.72420606855442,2219759.5063435733
49,4400123.14284773,16.874773361284156,7802626.801372388,6,54.90873997566072,63.202410146770156,1481743.370123548
44,2116438.3894026517,8.995687346391549,988927.9411768003,3,51.86407460303298,83.87746528516318,2842389.694237829
29,1488582.3007221867,7.574337159117595,1273599.7083930997,5,58.71759480614957,69.54340647107327,2165257.675488628
34,1947497.6012591496,8.602459667109372,1327994.1371652787,4,96.60986799032702,75.1859151683781,2387556.7821464473
59,3321267.014518284,18.45275138593464,6129068.2670767205,5,49.969139105653184,74.64994125220943,2015106.395704784
38,1317605.7327317,5.256741590447177,273835.6914720723,4,25.142487088559818,56.53150471007736,4551672.271355554
65,5149549.1421523625,19.35336918962325,9047095.696233822,7,53.81979481110106,44.00046297962666,1714340.6826001543
33,2134060.9495332553,7.5919901645452486,1130826.373108292,3,48.346355201772695,89.73913638344033,3071561.0047316453
41,1756471.6042659609,5.2266262506472225,419307.3377325884,4,37.875631691386914,96.94208674823017,6708664.053782092
30,2173945.1020065104,8.518572851343519,1360074.4924980765,5,51.51770693028696,83.70917244194173,1925184.2471148134
41,1798480.23423247,3.712134703117198,1322069.644174999,4,81.87822627282533,72.29465548173881,2421352.9407921513
45,1126364.7076691948,8.96401524403674,1420468.7164468814,3,67.02612381416787,82.83204179334805,2129722.544808476
21,777159.3705252944,1.6460895516149976,205975.87656844716,1,42.0634164419884,89.85693529927025,568140.2679416294
29,877193.5899937938,2.919308701715871,305289.2602322128,1,52.23738152163617,87.46861142764222,393357.09218917496
22,949306.0521402932,2.393558353814188,211338.5353556609,2,32.1788245899781,100.35147016579717,637710.650296397
34,1522250.2917321413,4.0877834639654775,451466.9429604244,2,36.93646466591634,84.14278040321447,5432659.433670926
23,1097452.570045568,1.7847971027896186,200183.8920529948,1,37.30859438695174,90.37637715592136,460814.668012771
23,682410.1108744575,1.2748015583442744,418463.4218286141,1,40.513768808635795,91.75959491504774,307939.5330380919
25,697312.355936154,1.17443094161352,246024.45827411188,1,29.196928918421143,89.462004654122,472317.2524781379
34,2108927.2485553245,5.088328073753343,1021278.5442068472,3,75.96992405652485,73.50791902662974,2751197.9547687136
37,1328393.2425501777,6.0110343005837725,419298.5924918594,3,33.56362410063891,59.77058835245779,6592121.686501001
52,4565774.486967845,12.852969566744434,6560317.4122802885,8,53.201361874791466,49.45120374159585,1399541.8542928107
52,4832702.192727583,14.751774873714911,6795922.858096976,8,27.44626785370582,52.66024333301864,2035326.9989110264
41,2022955.3383870644,6.5775676835482155,933537.786923901,3,70.46092742048215,63.76749068970739,2983128.0857711295
29,902550.1406972151,1.598865494138431,230190.26882848985,2,44.30896789117191,91.26211488467503,502300.5146569152
54,4600601.945247044,13.555551952026235,6356986.944641893,6,33.31809291481559,40.723148154486495,1857941.267459171
42,1855863.344461403,11.506361865748193,1217823.1471717225,3,45.14095712344228,65.42325187335724,2033010.018978903
52,4577665.963618494,15.61310888348297,7582879.9153532125,7,28.25161857066001,63.47360251081541,1543240.718437537
52,1392050.7584783882,1.6813598961334368,481240.1696698921,4,25.990128283224557,65.8225409028837,5334056.4891054025
28,856837.7432252086,1.5336751552579722,235303.50344087425,2,57.33659180522942,92.19270561233719,536069.0485404964
27,884440.5578997376,2.6979340658595516,236129.20325339184,2,57.15095793888931,92.40061545671297,407952.1964404096
49,1674794.4634649993,4.641107369231353,386923.0576733763,4,29.95102568060223,55.37533023226942,5215682.474926278
38,1835427.2385069055,10.131383623693193,1195635.6649590896,3,48.29474390009946,84.76917226382413,2713432.1293888576
36,1665189.5686643687,6.176247544092403,552836.3853499651,4,39.58239729329648,70.10311840652574,6089869.262870743
55,5091602.419279645,14.809800309603512,5620189.941992773,7,35.20589918236013,48.929495935533524,1960823.7378853834
42,2273075.1088067372,10.324245549205962,441913.432703933,5,67.39604856968768,68.97250104477857,1828543.7408930762
51,1759255.220430119,5.49106151887776,449369.6190456572,4,56.027244873380056,49.14040175965172,6952462.875273992
39,1817305.9061923176,9.709563076396998,649765.9551066837,4,46.022894208709474,65.18082973859391,2501253.653623494
24,1029987.0777400575,2.633019992213237,326474.4646236851,2,41.94781293509299,90.46376285263653,264623.37003821414
39,2023536.0898968833,7.189215413562033,1029529.1256322776,4,79.8080307266004,78.84537604822943,2183168.596038636
25,1178745.9891779153,2.6901225479281314,312623.0815046466,1,62.89414039276013,92.65188366228045,448134.3297045006
37,1636790.6087108976,6.6922003319078085,1411152.942519802,5,74.62473704037731,66.06379323402707,2925388.1712850626
37,1868315.2275978012,9.362864838572168,1284549.7402161239,4,58.863022636990365,74.02580389519721,2111637.7964283302
47,1343752.6334699974,6.7049307755660825,361735.9041348361,4,26.62911769080926,74.35197639804096,5200890.674545818
36,1253150.529487094,3.0005995585848155,280335.3442899505,4,29.499878601075064,67.9789391639575,6575954.760309763
34,1961068.2063655786,7.888905821404208,991056.6008278102,4,55.193159170961884,70.00156153716762,3030837.124431171
22,1063933.180412441,0.48982398913897884,346549.8702914506,1,52.14306282998057,83.02952966530533,594194.3421619362
44,1698826.9998695937,5.51918344953666,1128220.8121248223,4,58.46492595447038,73.51643967911278,2837316.372396268
35,1861543.2901198985,7.594756793946478,1428982.3998750097,4,44.937144926587145,77.25627867901594,2687449.3471238497
40,1339277.810121926,5.9734831748141906,482136.67323944205,3,43.365237505516156,81.88216746076141,6688514.7310138205
39,1481427.040552657,7.9115796972004935,1803135.432399856,4,58.62937540970587,73.539895857679,2078952.112872424
31,841814.0875728567,2.23229121795994,150869.3497322735,2,46.086929928295525,86.70718503725494,169961.77489816025
29,882515.0080087543,1.3274750564347122,474749.1232610638,2,34.21976002030563,89.21102623535879,662698.4844749813
40,1426833.8660250122,4.565737689243555,636355.0621077098,4,26.100258195318055,62.28692054951842,6279661.934768129
47,2295399.603287078,4.02051991084943,1452238.4690374495,4,59.401814434403846,72.33513521815607,1816982.9917129332
37,2054030.8565837967,5.397620132811587,892231.7880065363,5,81.80524659506196,69.66167687088826,2815786.74383749
34,1540950.4474743884,6.0369055003238135,466475.9860568588,4,51.15770686113984,71.2193526567294,5548441.369241159
27,804067.0634015223,1.9121661982587947,288276.1231604694,2,48.65569578714991,90.21275632030228,496746.6977965641
41,2014752.8170053416,7.876271311662693,1015893.5436762768,3,70.15149429721055,63.23900012044417,2481836.6060311007
48,5341625.696863909,15.192321518243245,8064906.629605823,7,38.176960395615275,71.40613622717248,1004762.9260264057
30,1568663.797468767,2.630436486903003,428605.1368054064,2,29.342312044504265,60.34141692877802,6334363.311356273
35,1933947.951840612,6.077710027290534,1149827.6176196076,3,73.22333612633456,65.25291805192037,2383418.9996452415
24,841812.2193112321,1.5497410800004598,374573.64338483755,2,25.64173195902641,87.29545930462051,406905.4559885819
61,4611186.483943531,17.998077561543795,6721629.04535381,6,42.31709304095814,56.997592099506846,1511650.2966036606
57,5387847.419740765,19.117167696614526,8995315.533337276,7,43.969915310921294,49.052143457683734,1030642.7536012825
22,864136.3451216813,2.512310596706401,458407.78459869744,2,19.312685342565075,90.62007308371952,551970.3280245417
27,823981.3547662897,1.8875572757179973,425515.30859713315,1,65.61847742550974,90.28446158104957,488974.8159403639
23,905289.4603608105,1.6767619973950048,270190.45060617913,1,68.08132699716478,96.08500542935543,607767.3228813475
48,1807952.739948601,7.548040429797146,1026519.4418538567,3,46.58338470066469,86.88110327840826,2937660.692131328
68,4407611.583033133,14.507167229513968,6428893.432711938,8,40.41606113679523,44.84726878027361,1914019.193213378
42,1695174.6840840436,4.7418751322586425,546998.8454103142,4,22.262279978459386,45.73632151469967,6710698.825122753
34,2138065.7186124306,7.8183364353258415,1486990.3632883467,5,54.18878940701947,78.50581468631242,2372329.172679326
38,1529964.1335831138,6.948635975106842,578813.183973096,4,61.223105679571376,53.06858883164816,6109725.306399374
42,1211937.3140709898,8.694548698616801,480076.9373746018,3,30.586525499146116,64.35478040719313,6443913.01757268
39,1670801.9371989463,6.034062060855405,1267744.179158436,5,56.20116294457536,71.46663170482329,2674699.0701523223
39,1495958.773608256,7.563082432026992,1070404.1415095928,3,50.851253885767804,67.94768744984151,2032525.812789254
22,1344571.4470527302,2.2136499231466003,430389.1146984024,1,43.27466502625744,82.55661342961294,707103.457767698
41,1517537.1952477202,6.897071472222882,1196223.1439615136,4,71.88124073911237,76.79064731555307,2707688.9444376114
49,1768739.2722150376,5.71811281031613,442448.3132710228,4,37.31921997118112,57.77797838261109,6905838.618088277
25,750471.0619234041,2.4466197721933214,255376.69638766712,2,41.86120467732669,86.53615481894342,742540.4157568496
24,625224.600272412,0.53344505472814,216673.7556773157,1,39.191235975601295,94.62557061288614,248080.2179138937
39,1776998.7887832257,4.367906604472867,345845.06969083345,3,36.12199163483923,78.50567320298043,6589644.892608506
39,1327664.134446153,8.680299689106887,1734119.785942633,3,58.44600570797887,69.25082634898604,2942985.323252876
28,1835258.1115455301,6.029147396806133,1100834.3296615197,3,53.83427904747409,60.94850657042312,2821445.8318336518
51,3633640.903373534,18.91170023367136,6725204.59148764,8,38.4375780320425,72.38395552750775,1776360.8310179752
41,2042108.0912611496,11.618400734666558,2193812.862610348,5,72.0428818339128,80.64172058562406,1607624.3919812771
30,1887455.1395638464,8.922599950500539,1458499.9499704416,4,41.83620913564904,72.59867759215713,2463966.0501276357
34,1502559.4337419725,4.297856871704878,330961.49967052194,4,36.35068479040424,70.7280110653791,7538838.707114199
33,1723914.1453310784,6.603587026706101,1121129.5688168127,5,51.207190353214,68.33374349953836,2850069.5638501947
57,4754034.619197266,17.103514784104746,6462456.835278178,6,29.940700295038095,77.36067981697107,1552855.1489588523
55,3956703.008140424,16.64620021281147,6245419.787762816,6,38.797473685769106,46.77579518883702,2142156.206918157
59,3261097.0553023852,14.367132856316212,8252214.561860403,6,35.723920460063795,57.916445344077395,1845663.0283795597
52,1497655.2939228546,5.382391919500799,712115.2364721363,4,40.727336526195735,63.64945927844406,6887990.618759622
38,1916252.857131121,9.596403235082631,1288429.0168565433,3,89.64369600871282,59.76209282842936,2253921.4783926946
23,872799.8770722684,3.752412186387688,210416.80774571272,1,49.32938303959146,92.31068648430544,488977.9087498935
21,677487.154471942,4.076447578798094,247102.03651710178,1,40.37807125787582,82.4900608353377,673743.708779223
45,4235302.974140575,18.108125557486634,8168418.873725849,7,27.906684505821808,51.110223141011616,1730127.8232157007
63,5442398.928864231,13.73565728438929,7040568.950521374,6,34.85853293162879,66.93059352925441,2008010.5487235957
43,1597509.1700061287,6.223842756468896,99443.25976530655,2,23.10687698652569,65.57584096576296,4729682.31235856
24,1144805.3060518107,1.907640646365333,61718.52692506596,1,54.418218651823736,89.27903040692256,543403.432213585
18,864720.66128374,2.3666119721251535,147224.17090526642,1,50.521315831813524,83.15801172972155,446040.702473697
26,1004142.5473949661,2.62009344850959,162576.20443080156,2,53.83963688711407,100.37848883691396,593206.3492661705
27,909204.4963704394,1.3081753146559565,161489.51174286328,1,34.17109538098042,91.30590035030313,383769.12043864134
38,1792865.347918431,7.57261897161427,1144960.7068718493,4,34.701564691151745,79.67948036838517,2508753.3964032717
49,4058362.1170301056,23.994246882705564,4461134.584070621,5,37.0330358962095,71.56469536051537,1886457.9016512684
48,1262253.9314048022,4.174755753772827,592660.3901416186,3,42.137177442984324,67.23985114690669,6939791.747660194
35,1803793.7451772604,4.077852966609888,1186543.1202455545,3,52.56720031059192,65.96753581279987,2646399.4781555347
39,1442392.7847124715,5.230245628541573,744757.5464318737,4,42.056273518408794,46.9781613393983,5982254.193804006
23,964100.2285615283,2.262015453245273,568194.2995867257,1,53.32173246254477,85.35637796274911,624190.3723064759
41,1691827.8417781182,6.084615941863668,1262998.257235737,4,61.30713487688047,78.62600569998251,3065406.5736180046
31,1546159.9125419836,7.878348616301359,1170583.4896725614,4,45.99019493173421,67.79848501919656,2947531.4431525315
31,1616506.1805949518,4.338431861563405,1503129.7451255787,4,44.744887607326184,72.41311945838773,3097615.358549091
37,1428633.7214469714,5.59792030083258,202777.2477986481,3,33.90788978541954,61.123946754676126,7054993.525781232
61,4489517.932583188,11.733272020412826,7766201.141550547,6,26.006592128080516,51.19972167473176,1817165.3546384051
44,1625634.3331961252,8.94105967479984,1493547.919716613,3,52.9741021404659,71.46294472470574,2768013.2817748087
42,1653354.4556197491,9.405849397155734,399148.2237175072,4,38.09863103407288,48.417915176256365,5644580.437105138
38,1985670.058687613,6.981252879343912,1037702.7625584425,4,67.79142078200259,72.92639085403525,1845697.5246682074
24,877680.378534824,2.4469027267223997,392164.030313278,2,48.98361839156071,92.67930967320241,475150.1845193835
33,1647585.0178767375,6.477260209279427,1179010.4453515648,3,50.77402971370714,75.1965071733489,2880592.8033050867
41,1571480.8081175215,6.74382995462845,515194.4211830344,3,22.662126637435314,83.77475644006674,6185623.062327609
39,923231.0608911655,6.644399128311265,507022.7541406378,2,31.993145790137163,74.78462554388607,7001676.372954267
35,1936394.944314195,5.851926805861739,1126530.4552498767,5,49.358721389340666,84.95129363095458,2109595.5970831392
50,1782820.0009932383,9.121648743707567,1249744.5133822046,4,61.36595340420588,72.71408365796081,2112787.8416780904
48,1798538.4811472942,4.246784959963444,896402.3701279426,5,55.43020855527439,63.07381330507796,2437503.5427073673
53,4597240.829594638,14.208189918130943,5550290.352926189,5,37.382309535137225,63.985128715055005,1236243.6964302696
49,5117175.530713281,11.405173379516851,6811573.91859185,8,42.34045349671114,70.3358445089974,1844469.0306884216
35,1102987.8903455646,7.607878788954766,356304.70989907574,2,42.4420699008156,45.978900434282,6182867.442770298
59,5158227.439633954,16.527955876064624,7638639.673635909,6,47.78398525780652,76.37910868102414,2105432.291643775
28,978035.98376374,1.2032734593456746,205227.04421542166,2,42.55548093453076,82.3837002740628,616544.2673528466
35,2052901.7743404994,6.0229321993699445,818891.3772530598,5,49.80507266021896,78.29334839700888,2608384.1553618447
48,4013698.957058902,13.06326692905724,6437709.778282392,6,37.667016331693546,51.3009760256378,1831127.8443857098
62,4552182.448568508,17.84661175462134,7270247.811249101,6,38.30698629471817,73.49578907760977,1491302.488830932
35,1935352.6097209277,3.485086550823286,1653986.298413875,3,66.52475087613492,70.28613948054023,2669844.039476464
38,1991319.4513706379,6.060985678097461,1150284.3971551147,4,68.14557430715962,78.04953913413756,2653285.014037652
43,1847228.9341238865,8.245833083987193,1545116.4332390903,5,56.26798152926045,75.50503048078146,2058211.667945343
59,1667286.2238700986,6.735462455993888,377761.1034593995,2,46.08536406826196,64.7651759773934,7617570.260814892
53,1518783.458469639,4.218135726439317,592372.0089523544,3,27.090268339798943,64.2969138663409,5737946.045749046
56,4595807.685595779,19.222469253218087,6953857.882561915,7,40.432702075942544,67.3747855141529,1141866.172870496
61,3608775.969371271,14.778457498583752,7990149.347639695,6,44.09521592510889,50.48508318219732,1846172.387881035
37,1858815.3153330935,7.173619116234472,1333061.346073476,3,54.40033371462195,71.55757931837695,3041608.6645780504
29,942028.7306235,2.9637090166543167,269744.96092987596,1,47.145044718750455,100.98391874349423,194478.65501571604
41,1704831.4886376762,6.01717734882363,1453687.2399790948,4,64.8190304023196,78.20109546501664,2237884.393605948
49,1360672.6893364857,5.37095584542448,548838.9277917919,4,33.98304103811383,58.08350402961297,4966476.736539956
39,1809803.4346037537,6.930297291184026,931107.9450698793,4,84.52678420382838,89.85238726897029,2570731.6281913836
39,1545339.2499055858,7.8629508136237485,958499.6653215906,4,52.00836067208784,70.56647221442712,2487884.5637644622
23,814101.2901020783,1.2802905523011316,261054.0789764871,2,41.05288004888975,89.92987426609294,701550.4713769066
36,1991338.534425946,5.813910715845032,894259.4311971484,3,70.40912364017001,71.48403360966894,2302071.8100153618
41,1544350.8108901237,6.7976405347127775,225229.0978448318,3,20.315067148428128,49.19959615511589,6138722.489082518
39,1938940.7215337146,10.649660114514049,1097976.129831489,3,66.5664437526369,72.7513129811815,2654163.2307885825
27,1017031.3401286196,1.4252898907362677,507898.40703457437,1,52.21299396939346,84.23711461145885,390516.98886133346
20,1022206.5404961882,1.9301833561592756,300047.1360735228,1,20.604737978980047,87.28206544264032,485364.6567319851
41,1828945.4930421202,8.192639793890391,915639.5888475915,3,44.73798214935124,68.17293743565722,2053936.4214620632
45,1790234.8711118745,7.1554347382341055,1321146.6274578427,3,65.62145583997788,81.90656194952597,2259726.3170578936
35,2127812.6680438183,4.527322014337232,841966.3285720197,3,64.8997676452858,72.05667196856747,3341048.3879430653
40,1485489.7202947629,8.379969461031894,1158341.9010970118,3,61.00696181511927,78.22177316577866,1617226.6520589287
20,873279.277195093,-0.8525510275007888,346434.03760430746,2,44.707373876000155,87.92664850253915,250025.66138793793
55,5401591.171696018,14.987886627570045,8013813.701083496,6,21.052291538495947,60.93987222586875,1634824.6048298033
36,1591893.0678628627,6.714246580803574,214308.11478614144,4,36.211057351646616,67.33570639110522,6270889.744270193
41,1390315.7300298754,9.98524959052519,1116493.2049676683,4,45.62580587464463,72.78612503503756,2318423.321069739
41,1938433.4938095475,9.165861198470242,1093902.953078251,5,61.7205746087615,87.74099525805427,2350063.6242182734
31,1607969.1903764587,6.061830736899212,832500.3979255767,4,70.61303677278782,75.06610461827074,2006402.290785445
54,4667821.111226633,14.29826721482123,8130355.27861464,7,32.77845329286616,59.6719163153471,1219063.5065609622
33,1415885.5037624969,6.479220416886549,559129.3724375621,3,38.12570788744687,52.826944414459746,4848623.368256191
27,691768.1086147113,1.815496351621383,195583.2922462306,2,58.422400161354695,87.03216652310275,464080.4677494682
45,1906402.2150249647,9.943595845079278,1678445.8796223542,3,53.611472575564676,56.02702444492867,3075231.6036637933
40,1481219.3294607005,6.629344570810614,192572.7979833757,3,25.934395374328943,58.59090888593171,5275639.344520473
25,1138773.8389037857,1.978682300158344,329152.9464218114,1,33.824487535354045,92.56751587402862,722689.9017549177
44,1378146.8148370273,4.704192607855593,464985.60364562954,2,35.22971279947685,84.1781322665307,5935437.639889069
42,1958290.9785802357,7.1379312511218735,465652.1221367381,2,28.5371756112436,44.5386058625414,6641130.736498037
25,970951.2371962958,2.011284735408836,262079.7913326251,1,40.538626468441194,91.55547861247312,485128.54329051386
33,2326509.1989918584,5.805664244146576,1539320.260862059,4,41.30734729236431,75.07385325628753,3251379.762878206
39,1565793.599046136,6.706590189320512,1227794.94325728,3,57.14332406095593,63.735914588497934,2527249.0321917334
29,2196576.5447046515,6.961019919288668,1181526.1529872583,3,52.14140457672381,60.10236460092572,3161158.201444372
42,1555917.2811287337,6.591623416704061,415951.81329740304,3,27.872490066338486,62.07177674263329,6566280.066095631
25,997902.7863042378,2.6797906569947285,444696.2898393556,2,51.70883634982202,89.8510605284892,416821.03139658587
53,5171978.449474499,15.571934059867576,6397648.023490854,8,39.40627396489654,73.11494699636773,1722091.2084273517
44,1366807.5845212096,5.223129650594694,411824.82734314096,3,26.62426412661732,63.93600048920193,6522303.224641842
26,758234.752322163,0.8105828792866949,284029.49552910647,1,64.51178064309829,90.10991361553342,479244.21811025357
24,845661.386668504,2.7778729004870675,247900.7204308188,1,51.93786579064892,79.39587325491976,386276.7175021857
61,4909650.62110198,13.864782139781854,7912773.314178966,5,17.961265515001983,58.7835798762764,1660424.2324724467
56,4109236.0764384624,14.830290086751583,7132306.276494054,5,22.01957578329779,54.31692367011733,1470381.0310097565
40,1947198.3316414193,5.237021089805544,1567355.4523768376,5,66.90645257799365,65.57581239172976,2060239.3742009187
23,1087275.9866159349,3.6708340083338107,402722.64870683325,1,56.13045036417343,81.1374541334685,523807.76918576023
44,1622663.6739135147,8.891993082894274,334647.0714414975,3,23.78573836950659,53.65858371650109,4921955.565637569
31,2013745.5976752217,5.716262803441837,992178.4157222148,4,44.05567432897945,67.47205821261018,2021437.180573694
37,1912570.4290287178,5.612946589673844,1766384.6781459476,5,47.53261796270601,69.95600623999209,2567269.765173025
67,5592816.928512887,11.060580990087729,6579594.294049062,8,41.12187713280049,39.19799081902962,1390547.3902146835
50,3694722.41468656,13.2380641876552,7165434.362545332,7,38.351045580349954,55.37559856306094,2705795.5126579907
51,4115052.4141825764,16.306026462170426,7428637.406464201,7,35.45078076036498,60.65598277934622,1172664.9942192887
30,1019954.3405186771,1.7161525101118065,190139.39570798748,2,51.84104790352509,89.51947313430176,512764.3293278594
37,2108962.9060411705,7.438444370787501,1415149.7208474223,4,47.77928785739711,77.66090143104012,3328830.700584057
36,1894637.7864045082,6.231677362507161,1275992.1255909926,4,63.43118772823026,70.46681627837538,2303516.9195135017
23,799065.3754568292,1.591722201400039,319519.2973730837,1,59.79360106644751,91.22072319404309,476834.4377385928
39,1913855.093564048,9.950345244924947,718082.9416724995,3,68.22034273618954,85.15525647897304,2312372.6449521976
26,794686.8394788079,2.4106361507366003,462863.6540463936,2,43.04641123942091,90.9148912226417,529243.57809301
24,1077836.3819395765,1.455249324883908,328953.73602360935,1,42.48401680533709,88.76608826549958,927378.2366584337
41,1686465.8753796006,8.851278047184415,1320944.1461388536,5,71.05679293836918,68.20838124766199,2803525.2536880667
24,1132383.2038199904,1.3261088061017932,475322.8834014648,2,50.355920977029555,91.1628635726909,671469.6636394468
34,1319318.8975194895,5.087762320056162,805579.9389647257,3,50.82895485083524,64.30436530342033,3763531.4241598453
37,1472343.532656953,5.791434920719028,684288.9789733989,4,46.95631490312026,46.87492455027123,6735006.814404061
31,1739557.8020625755,7.2341416495891995,1670869.7442072588,5,54.235206632738574,70.71764889372156,2440690.3439293117
38,1385833.7420685745,3.111428063307652,522985.15111198655,3,31.13131683319152,91.03265826000384,6343404.724304855
30,964558.1370369327,3.1314251275776597,307980.0857781639,1,30.25139826608819,96.14345444198699,539273.8063311952
47,1713498.805397517,8.556864816556024,1294095.089474526,3,51.495210737485195,76.441093396347,1570571.663045872
45,1045977.994118297,5.741205187737747,626009.420292014,3,58.8993876162358,75.17495791267568,2345357.354478934
29,2145833.6438526656,3.932954739841677,1013432.7847447296,3,49.55884307292551,84.41581884502592,1873327.0809505153
40,1310897.4809173357,8.72007453496957,294157.7219570446,4,35.37276231601571,29.28959596442828,6176368.855621783
39,1651018.8630041862,6.497742264141262,1553509.4621708258,3,67.91700904766434,82.19109056566913,2153675.1835950254
53,4449234.7765941275,20.655428273946633,5972730.870196207,5,45.5304682696278,66.53690506286513,1692474.764929821
23,744644.0974314685,1.7934517093476212,405068.6746255893,2,42.717800625568884,87.2426706323448,374640.44250205613
48,4867053.191684859,15.287775666031358,5541942.345462441,7,51.27210703435809,63.15382537384959,1992723.5504973177
54,4298484.198634736,22.216498924083574,6046799.008990019,6,59.44912845308606,57.053147064652215,1911100.6330759504
30,1750183.984624283,4.90924968969469,910211.4613297464,4,60.11145002465738,91.21469739163666,2027022.0958017758
45,1655827.363743599,3.0249886023729293,406063.6708165381,3,23.081430683407774,54.65591298401716,7076670.204858034
28,829356.8938427683,1.2648535618854244,236049.7704552294,2,44.454243566686976,88.14038014239519,473569.4710915214
25,1037329.936021249,2.224602221261611,320077.7826976906,1,46.06447525577844,92.02759360742438,336631.59441336076
42,1491347.6519185302,8.11122307371053,1335725.9231033027,5,20.27190301920284,63.553432425076686,2937081.8362772176
43,1953601.8741793286,6.380532205079864,960108.0188827146,3,50.418834197260466,86.6154622395576,2139878.1601877804
52,4922768.193157794,14.420309464545426,7772122.778443196,5,48.039588605232396,69.75275230624695,2214922.8005072
32,1559695.309243976,6.267005985686606,1346963.7799691637,3,52.77124013718064,75.70002884651447,3398658.7223916645
36,1524124.689073517,7.336485122280404,1164123.8935338613,3,56.90846481381983,75.7900084066873,1706606.4327604542
40,1556733.4848578349,5.958306991935329,573356.7730329337,4,39.6493110352034,69.90431703580252,6348366.797372633
35,2075907.693705937,6.550472761336142,1017431.4501200091,3,55.84902890321119,71.02790601482351,2928209.268695425
45,1222114.6615962756,5.755537849590173,445564.15362003545,4,24.80748020299523,73.71226437301553,6184576.069059771
26,774209.4028253518,0.043868865783124766,163900.26520258584,2,50.567688954230704,94.39972831593893,458018.7038105405
28,940791.7214208806,2.9354437583592468,279696.05749643844,2,43.53559529109865,86.87535075450278,340087.3333452631
59,4609427.197363227,18.022334317262207,8506708.829338217,6,35.77639037780004,52.6085987552523,2293602.8478244715
58,3989083.007979306,17.343923501203665,8330630.238298442,7,51.27615370005853,53.57569984972138,1994267.7302124482
29,1197727.9126559836,3.556961450804123,98665.25093521626,4,30.083849742947653,65.40792186958834,4690171.252821565
41,2037436.5398351667,7.258901149473303,1029920.2028671681,5,64.79901478338392,67.17613012777495,3018658.917601325
34,1666678.118119375,3.3515596530262988,1264118.5913917206,5,67.91093558598874,65.58464215778271,2316637.146178046
39,1410425.3937179777,7.591545954982019,570642.7026541111,4,45.74415904543039,60.51133726309432,6226886.8729408765
23,1261912.5318778718,1.0725798914095594,366174.68988043733,2,51.8460434548385,88.22984196813918,413229.61084943893
48,5281301.66334193,14.977776208841329,6808696.123829627,6,60.50556879563885,50.672747821043046,1759576.5962004687
38,2117090.622173904,6.812913453769488,1648447.963259074,4,54.078634462224116,63.37686285363867,2636228.147554409
36,1287941.4234410056,6.398470708770752,165705.51803688493,4,24.69981677507974,78.55077802530309,5681243.217144391
39,1403646.5533324378,5.905090241550015,331963.8241673119,4,34.944097604415845,38.443102661276455,6133885.773320441
41,1803456.2912321175,6.6645836328410395,1216941.7396314805,4,57.417232668488275,63.20578593937074,1760474.9824605067
26,1008451.4652009232,-0.187477941218388,261837.68547259815,1,43.143647151379525,88.60492807681078,758020.4843826455
29,943794.1534270972,3.331479245359793,432621.0419276948,1,49.671332189876196,90.99540899795358,685540.2062449886
21,1112255.3510823748,4.073417664412248,296922.35913734196,1,61.89941466914678,84.87323079838552,532554.3809996848
45,1802742.4575385095,7.026946415660085,326053.3738966717,3,42.41539174681293,78.0487755644862,5646879.000055805
35,1440705.782764537,3.2053594426189016,435161.9652687027,4,21.743363610636415,60.71675711426718,6932565.464304736
42,1322146.180192609,4.31859345702001,487856.11355286086,3,21.340974755577,73.39030740251648,5756515.019734943
50,1529434.5607814107,4.7394845188359005,284968.97946924786,4,31.90389622032344,72.81683278971933,7759080.278719299
35,1625569.2977827566,5.121432299431982,1550576.23558527,4,50.90359711035907,73.51557199040636,2619708.70154559
51,1532095.4418456145,9.091084299307504,404733.8134916113,3,32.96224034255983,71.53006002176551,5886667.6126738
35,2021043.8698082452,7.713869580107471,1406086.5479337052,5,56.58121008741256,79.68437329876001,3295323.8824410373
27,658361.72364999,2.6291847742339076,168327.01159245512,1,48.179170737116166,83.58776894980413,346288.94976028445
21,929398.9814219468,2.3380290058734183,218766.81105001847,2,47.48442141685343,87.87448683623342,269163.7818801508
45,5119989.420707528,15.572413226073724,7075644.152343298,6,44.108762968616176,57.931328027513246,1620726.7044657494
55,5136943.107097396,11.581985703371645,5168087.487059162,7,41.93823182595993,61.309413661035556,1735601.737736589
26,821241.8164938027,2.676750971623111,187794.60561651064,1,24.420125574736822,90.9931756275839,293600.3514564
50,5807593.946450844,12.176127145036618,7826537.031139919,8,32.33167053286239,58.5739462651925,2058299.1467523635
42,2052361.3251973805,4.263825609128821,1460658.624656431,3,50.563508482422876,72.01662562928881,2967935.0064023216
39,1078285.318364812,5.580239861050149,197740.1448684968,2,27.39198361132155,72.27098774771846,6288832.848032588
51,1808727.1605292037,4.870742474038451,1544062.340952033,4,32.55183369533882,67.89149846650353,2452623.522254385
38,4652156.17725974,16.26345516018465,6213641.66732933,5,49.36599695306176,64.8031647382861,1928380.5160313589
38,2142266.247805029,10.272674670825861,1425367.2627754223,4,48.49921242262841,73.52523056048544,3301182.181833029
45,1409923.0323139108,6.4166380430656265,218512.8277011134,4,45.59925080552702,59.809854433925,6476638.706612051
38,1881280.9041941548,5.691091155475306,1003867.706575908,4,49.86935928433536,74.01090071649206,2469540.0106225233
39,1558426.6636804556,3.7956644680598948,526525.3796879768,2,14.559543653640862,71.37986107005352,4880592.61922106
49,5033613.733614978,12.312199092541077,6424555.36244955,8,53.08034118085372,54.297098831854875,2110828.684534022
35,1926634.3995206745,5.6220225999963285,1158331.4007505835,5,36.30781061173429,64.53705960375488,2227761.4574044365
40,1437308.5361251172,3.5996741045897016,463529.86135718366,4,35.785064403483574,72.23471312534264,6956055.77296692
21,818633.7026410177,2.602574594197036,462558.47757705336,2,27.776001783602585,87.54850324137827,589274.6211504195
30,1597555.888621289,6.855534882886504,776294.2450816706,3,71.47529144748181,58.35137950147313,2512077.6658273945
46,1002800.9592823554,0.2639482017111794,169031.97739249907,2,30.691037193956664,70.5905195849224,6301320.10110246
28,892348.3167320178,1.7400286251950994,382971.4780869059,2,60.17129945056484,86.19704433109037,495779.13748865505
33,872029.4116367559,2.3338096933026433,225072.9523589068,2,37.74176711810845,90.15892058050444,385712.30554128205
52,1191717.996813403,6.50548870630413,79858.47263583908,4,39.66868901265702,71.26577213665223,7693507.957854396
22,781112.7891753156,1.8371412697832454,354717.2626958104,2,34.024452967624406,90.58357965108998,529774.0063725136
25,1632578.4973765844,8.036674795612159,768122.5953283951,3,37.51929174857073,79.18364388892245,5407312.633306308
46,4708192.044215372,12.561848659117741,6249840.050624758,7,37.72423186659143,53.41149752674851,1401681.415655783
23,1148692.7178830416,1.573971511890802,346231.7309486748,1,36.10487115565733,95.82579441004081,465118.3442109119
23,792117.463330993,2.830819478893992,427402.57756547054,1,35.12438905557693,90.13597191048272,436564.30529782263
39,1724833.7333070214,8.636690425216514,1147048.8654238794,5,71.75665254802274,76.06047329797251,2453824.0260720067
41,2014078.167431892,6.595675258395677,1331326.4228658334,3,65.62271628803565,65.27445233353937,1805601.7803243087
47,4715785.633156933,13.694603191853831,7179104.6414316,7,54.96762861966387,69.55748969043222,2130884.9643146484
34,1106778.4439666984,1.3761029997161938,355612.9922191179,1,37.22488654027609,91.68700516124483,670798.6334261907
42,1813900.4034090387,7.53300526999787,455547.15261960623,4,36.82528996978426,50.60187781668041,6726395.176634378
42,1641431.6369032313,5.316391516537551,560191.8029961663,4,13.62518412423805,53.16570776765363,6160295.210909503
32,1942611.1507181253,7.8857607605583215,1219477.8551066073,4,57.48289558634849,94.45652520750576,2296414.6600083834
55,1210750.2049353023,3.9291965247753566,630974.7773521937,2,24.611108555822835,66.16034742914664,5407507.328522727
39,1702000.2274189526,5.603381490204014,1486595.3104101499,4,54.2176461353718,66.90113428998954,2863815.954716804
38,1103623.8936863863,3.9484928918109814,366126.7589340255,4,35.161357384829415,39.42887732389516,5774321.582038363
60,3925341.748760836,18.657365611040298,4549204.358588983,5,40.469882944917785,60.36688927083284,1989023.8332337725
72,5092326.761416343,15.004169926240595,6041853.652968063,6,24.320317549873515,46.96616646352016,2384535.7924433514
51,4313437.8934367215,11.72550775224424,8054381.45558873,6,49.11172217347629,44.04422282954952,1379991.189323885
66,4759525.393421233,16.88142661156738,6792021.769537719,6,35.43749488592021,62.56746725221252,2509826.873563101
38,1732507.293251937,2.6856361030177647,657160.8230891239,2,24.974005774853563,70.2876705023987,5936725.563078996
59,4849315.326358816,12.462734112468102,6691053.175808259,5,33.2187244383054,46.12318377977928,2073108.8988499744
53,1598396.4679488163,6.626004936653511,572705.6663938875,2,42.93025542557008,68.15735884701184,5791111.23844961
33,2078325.4983079243,8.743695916739492,1246598.3643884812,4,69.9307504534616,72.92809043286923,3295596.091792376
32,1804594.7864471409,8.842382823786131,356093.5920858376,2,31.912278632019422,51.490483974565265,6398414.165823459
28,736270.9257510542,0.13960752034466006,247027.49535531516,1,34.01696824006626,90.9461705291912,355935.77965305705
36,1615448.9562089564,5.041020314987953,1546618.776412778,3,68.73994995507854,67.63148222801011,3217288.7104080506
54,5010794.977888016,12.951047326216674,6979886.653011947,7,36.78248948832007,60.076439942378634,1989245.3846147566
30,1650895.2614408168,5.472410784483749,1040591.4409694587,5,54.363708757340284,73.66807812500467,2830786.8316215123
33,1565137.9871004415,4.494450848173435,154133.4016669605,3,35.52511162787865,91.02420684077973,4762404.308072105
37,1483728.6986803992,6.669407343451477,1186923.9462718323,4,57.19002931437367,66.57217744335502,808630.2169002767
33,1798171.4400419227,8.855213279494729,723334.8531425343,5,53.9804961702226,64.552082923688,2556469.722976634
26,845143.4735976964,2.1156177305289297,400126.2839567005,2,53.85751995209222,95.7669916683863,608877.4716998173
35,1403914.562711416,4.23480752812467,297189.88014182786,2,41.03389150624784,57.614363357631404,6077451.676474566
51,1456704.9191840747,5.092305973312387,307124.5760207741,4,42.58677803992972,59.76264367010159,6716172.536863494
46,1990668.6471987902,9.02853925007346,805451.3905680019,3,71.56547398135274,76.94704210919541,1972813.9419260058
50,3843234.794779771,15.555300809466981,5913351.178662369,7,37.80689365531109,53.73455798482836,1403194.717474479
64,4995881.77705581,19.54888734771603,7321815.901238981,7,34.71650427539546,55.10380068046237,1047640.7801853919
47,1291765.0544236605,8.49395406901471,434423.4723868215,3,44.327975257930646,50.55481269680183,6191033.934057886
27,812141.0340433532,2.310229562445098,459135.7581458361,1,42.08701369034166,86.63470691289741,462069.87592101056
62,4758247.044652543,15.56361507574854,6837334.287431067,7,29.66390386972542,57.89878137861141,1141852.6475747242
54,5136605.722694082,17.69711090483825,7094030.607317346,7,36.5785213480989,60.43514709150427,1678154.2268383303
41,1511488.5563801418,5.4581439650738774,892631.3444187278,5,62.27149695614044,72.82211732875822,2345756.5915474426
57,1151203.4797521743,4.949986400970157,492279.28792651603,2,28.19043743206835,69.34612879780971,4563433.328285872
64,4984217.661459705,10.341051440658953,6235451.334165409,7,44.7505479140379,56.1321734866487,2502988.9469130784
25,818837.2106481276,2.7586977959637546,545014.3100182551,1,33.34065995151493,77.55079575054106,329631.1703578308
18,1104808.2992392862,0.10901755740126862,313764.1429532348,1,48.854216799102645,96.73679750002411,735558.3813554262
30,945322.5530205416,1.8503421299128453,285231.15754232986,2,61.04966236940288,83.68937652143643,593419.6312197411
48,1510000.7603066447,6.012476921048265,213653.37570886253,3,22.48946330196639,42.90458192406777,7346396.868034098
18,1038843.9379680976,-0.11827659768947285,452958.4280500422,2,31.89017239103074,85.199987705872,672306.4636206133
35,1094650.1017043707,6.227002885927137,316731.53420609434,4,25.22393824768475,75.95771911880529,6841809.364311952
47,5503277.661294623,15.817337371832053,6400798.087658331,8,24.957960811478912,63.813236958089036,1944434.1344428426
46,1439665.1445903338,5.032301403321823,620337.190857382,4,36.323166090417985,48.417959355191044,6150383.398224951
28,623952.6438852274,3.7232650411065236,344382.1344037422,1,53.84669237754103,94.26390599773183,707267.4918088615
43,1844076.4518177907,8.645823880125224,1204903.3595793573,3,69.83149120425789,62.27294819740544,2968073.1971972687
43,1729547.774201871,5.9563468671119955,371585.165804675,3,18.71994176925448,57.94347642165777,6654285.9429495325
40,1825614.854396892,7.61464619622845,1221773.1610995526,5,58.93613375266143,73.21011226420045,2156139.9580015955
29,452457.86218579125,3.028760041170634,288932.4462628201,1,52.63804008498258,88.6854782369008,446300.45166857407
25,1114935.0893550797,0.6331323044646688,230471.90048926545,1,38.256302874695606,91.6795852848728,702830.051722911
46,4781532.652355052,17.166543789576856,7926642.121914088,5,39.20293732446732,38.17848411901565,1903741.7533934538
45,1573171.9337159633,5.4952236118594255,1205948.0919381701,5,58.60700722187168,77.80984041877741,2086420.7580361888
42,1685244.6161611683,3.391035876782148,566477.8221767044,2,36.62985558956221,70.96302146906757,6793396.461425785
48,1541918.1145803393,7.47043902381884,1142020.4761750344,5,57.01019296073658,65.25079685137283,2018780.016073679
35,1345597.9889760285,7.273322041347194,142000.52723899088,2,39.47610319595732,53.62082894302149,5994142.592037115
46,1212912.4031410965,3.1980148345335966,585732.5398920565,3,42.47393058874023,67.80814402491505,6201583.82515205
34,1744170.04998799,12.004604624797935,659067.3694746005,3,69.22369279316464,74.24294245932258,2970451.4705337174
17,735469.962455287,3.0556575571364495,172710.16247708525,1,47.71102466331178,91.56813699881204,306952.5946277081
24,1269038.0830508114,3.836687864402174,304226.45598507544,3,44.40327234364589,58.587426217783786,5279229.892482328
31,1097616.8545452394,0.5053903155551043,253306.6852257606,2,47.31640995163605,94.28757191962,448815.48723406065
30,1673358.2154684193,3.294054998128635,422990.2936258809,4,42.954351081314435,61.61434263048886,6469316.163172857
62,4960833.918644154,16.467030653523555,7118621.884195148,6,36.524873415203764,61.20239318173785,1544642.8520785018
52,4710309.236128486,16.884866895587553,5767869.137925456,6,40.410539593036155,54.669784924045814,1705762.564555878
27,925518.529578091,3.9739748238458343,250306.68283025257,2,37.54975066140159,90.82480432353427,734397.4390094978
35,1079043.4901978155,2.2592125194095303,202918.38501322875,2,53.14954466464159,89.6428821245572,501072.293763347
37,1864917.7962512954,5.640432643884674,652009.6037446469,4,60.57292013324077,75.68831380810175,2796708.6405618936
41,1299659.3522742165,6.199293576520825,190177.96538042295,3,38.26513905472207,54.03564813095801,7409796.468573102
42,1318249.7849270727,6.3029016864164475,330935.2422026403,3,41.35109057831543,100.17049975941953,4804089.22408545
27,1461071.9960702546,9.57034157182197,687364.001277802,4,46.8543009611121,88.80748899991572,2122720.541821719
34,1610980.4931848117,0.25928659341829796,445881.1047693059,3,29.594653928668116,76.29739153899534,5374377.948388567
39,1992186.1826829957,5.431549149797972,1144180.1791982658,5,64.3204921788498,68.00264629531593,2590630.6153376643
20,855212.574508181,2.28904534661965,173941.91624033358,1,33.27363189928434,87.95600348389061,425760.65967006027
28,1733955.3982557547,6.141143672436878,293354.1119833491,4,30.477978833116392,85.80862829451118,5800101.390622373
64,5061199.287410417,20.24104663050336,7521839.690394081,7,38.82129849703643,53.79340766697502,1592667.8339047837
25,872008.7400131938,1.4293963203894533,321382.89978251595,1,50.21122582562597,95.7490467211822,349737.32781014685
49,2180306.4655699143,5.350172016613916,504975.284002802,3,32.04345305531098,79.6576425412355,6917306.035434665
31,1813222.7538320003,5.440604757778222,429421.9894348359,2,31.44445720298304,50.20439975119712,4387961.654086187
29,798262.8777708086,1.4479008356680874,389716.38037099584,2,41.970346696642075,97.69865714456814,540816.3423640167
46,1911696.7066024656,5.905631271259824,1466681.5970390886,4,46.892522910859185,50.03062869546344,4053110.2197356233
43,1465184.0214484278,2.1799442811401386,589733.5175183185,4,43.81702880270693,51.30354020008639,7152057.229595462
34,1667035.384414369,11.4036981661418,1220615.9657965668,5,68.49617985182158,74.94007096870067,2686619.615833614
43,5345208.009427248,15.554936226959954,6501476.748137227,7,38.8151015877155,75.06811991321126,1303103.8937274923
26,948600.0855184479,1.1388853794603304,376516.87902262,1,49.613039039387736,97.20049581068773,660782.1523193329
45,4372454.668358708,15.944670956311622,7326246.90347772,5,48.505431872970405,59.808692926309156,1748401.5255236793
22,1047721.0590858433,2.783895731521152,377225.7155654825,1,48.45056950242146,89.22261357239597,261833.92087217048
55,5186502.625692821,12.613761539643676,7471889.663323169,8,61.34350523765457,50.352498283749135,1779624.2089618791
51,4719586.332059771,14.438273879653803,7948341.313272677,7,42.64706511837521,41.20039076623301,2523731.9568552277
35,1875029.3062877432,10.93280543597256,1090323.847004383,3,54.94961862541578,68.48468483157464,3053549.5424389825
24,821653.092234275,2.1693673719233506,406269.37130006996,2,49.67888488040735,91.36620658435974,473822.4553096115
41,1813056.707919154,6.591290879050959,1117336.2899113244,3,39.882769832355116,85.88293130517256,1907217.1097759637
49,5067098.0390819805,11.74898627468373,8188801.708184146,8,29.876838200176405,71.60733178072267,2400463.684336542
29,1824358.4953613777,8.957104282012603,832416.1367203251,3,92.71704425131405,96.69237239075252,2652452.1424621837
25,927599.0130069066,0.648882406058205,110666.11338098082,1,44.230002782491084,88.31684814860319,293188.4768990807
55,1499037.1455124987,7.700466671064478,534879.2715165466,3,27.72088810724677,72.51441177392738,5014827.113150221
35,1950757.8486451628,5.642556505446353,978626.588528082,4,76.57555884038855,87.60619638273442,2500701.3047480136
17,881656.2738326645,2.4447550574699437,384664.83828886517,2,52.46886801721531,93.70873937289835,762159.016274126
17,969604.3227975789,0.49023553300644074,447848.59213039756,2,53.480398321046394,86.90062890195009,370228.8770757441
49,1713333.1413756744,4.172970825956451,476597.2626272887,2,31.061628126507085,41.92424664112003,6625621.965136551
24,1208761.8282491255,1.9859248854924785,277548.18846923934,2,40.50747222279693,94.70369159956121,523323.9177162203
22,1045484.2248884358,3.287189782219344,162246.6960367765,1,50.805444164873116,85.67329863610144,626780.5982286433
46,4465040.864045712,14.646412051516545,5901862.752437098,5,62.57484354092835,58.93684487997058,2147764.9659205102
26,855160.8048415561,0.31746793850214683,402874.5828027277,1,57.24383936231672,84.86871086984802,506839.0048255918
55,3685748.6664397335,19.822519885361707,7013717.502054101,8,38.07091566539685,61.92314114177654,1901689.7190398707
29,1831018.272162123,7.172011763947405,1036121.4864282596,3,49.7721740364194,67.71400504153284,2541070.393940185
30,700411.698074659,1.4185445450930492,339311.53475116816,2,50.67532417892871,89.14841808980132,246441.34004584036
48,4569778.841621077,12.376617749129167,7238988.281364772,8,33.92890114897812,54.91569504869621,1442072.0011200737
58,1958004.5111656522,6.905002205005626,387104.63623443356,2,51.162241693704416,74.09512577641942,4985472.670021561
38,1300940.7158636982,6.570928539266031,639352.9542401782,4,40.62050139858088,74.46427961869833,5981485.238360161
39,1444499.50457732,5.122366916351476,382741.9485702396,2,34.473711686138664,86.36703764415495,7072286.238538881
39,1193094.3816591373,5.215678857445281,442185.4323904523,3,40.44835423180199,53.560736172104285,6088819.329907629
63,4050292.5018759537,16.064710016768075,5749652.493393361,7,33.16943411392631,69.64869553534845,1905422.655770688
25,1781281.4830923183,-0.1374110300804574,334359.2740187801,3,21.301319352514103,64.42066927287114,5720650.672582265
55,4382321.097108675,15.16452507125732,5922001.899967308,7,45.124966527422586,57.056863596016,2080338.5552056949
29,761945.1043680023,0.3979412632185382,376248.76388383226,2,38.841887708272,103.27599026405939,470914.99728862935
53,1725926.346345821,6.929510797634564,428903.3625833228,4,56.78646167342468,67.26675529473728,5713707.803041379
41,1626945.4045875724,8.629935198310267,1579604.3532588244,3,50.69411049428594,76.61935062948461,1525379.745771165
35,1340531.853615769,4.789576900896802,729283.634749375,3,31.26698076858694,59.16479184811849,7308038.748897428
19,802427.681236871,0.5022632735930181,353241.8108705251,2,65.87487327548214,87.16914396697614,408818.66927337914
36,1650426.627218688,8.118428689342238,1508614.8147484313,5,68.11393955447986,80.87001033635724,2128988.667715444
27,920994.5995078788,1.8732385720009446,405105.90822576266,1,43.67775934996692,91.15841115875337,470923.6856493
25,999340.5157029829,2.80662756152851,294770.41872922255,2,41.524498173628714,88.09015712366266,377576.17093352514
31,2097344.6850057947,8.15289406383433,1148417.3886797247,4,53.949206503448735,69.47593322322933,2518980.970686406
42,1522275.1186414454,6.0474961733782235,441191.7839659677,2,23.180739139736076,67.58310548680268,5296996.388808722
35,1610387.4993519888,7.1048014632650345,1399690.308829217,4,61.64537108216161,62.058736041351544,2579209.4166767374
46,1527441.4199076013,6.231264073880297,262130.49397028866,4,45.12124509873825,60.602625951080654,6689780.620883684
49,1976986.6674478191,7.597413281935319,62375.24077654001,3,38.80337874524788,74.94559039635897,4765726.828138115
35,1418644.4857853178,5.603581416375514,337729.6366840891,2,34.64866207079944,54.957990270366885,6798948.754050182
58,4268521.3390988065,14.619939604153519,7932167.894662408,8,44.2391945382941,30.454902493105457,1272742.169908577
54,4439292.559115912,15.267002921820152,6651978.727636732,8,27.95926261899603,55.10396647727915,2040298.826360959
38,5170078.360355866,14.912237566675698,6671945.231582179,7,47.94110998194914,55.460511915829926,1843060.0934144561
55,4586626.396454537,16.672780218418904,7316545.953994003,5,31.398999093641233,50.17946039614375,1540852.0395663322
49,1879236.6937628507,6.781067329804354,446699.0654513781,4,20.27202359137674,55.302959882842224,5758455.438735015
19,803005.5220757078,1.9392093730196043,328043.22433926986,1,40.88652621498202,90.80924646993357,443214.4166498453
62,4788007.813300471,18.818336389965,6534661.623092986,6,30.767892069831177,49.260289033530206,2971817.7961875973
53,3934504.883650513,16.551236445766857,7939306.753846386,6,35.76633048966538,49.29336596568991,1513989.7470394042
38,1774389.7413432728,6.178136028899662,190198.79053718355,3,33.529038419432716,56.43406864600772,6328213.523515081
55,4620500.602464157,15.07915504437884,7001347.734756444,5,29.216651437862595,48.60401247903351,1659913.1351783471
46,1357242.3672591588,5.068159921275239,142718.55497413524,4,51.43699117547348,73.276970838712,7359740.322133176
49,1757197.812786229,6.157091782004398,520650.88171426894,4,49.957396977063596,58.50012343072239,6014889.576379491
33,1450443.1122764735,5.27009499519788,541794.9675816266,3,40.43553276193664,52.45488014370386,6565431.086637619
52,4291334.981921255,14.046646403631566,6904302.317717751,8,46.057803463803445,60.54863975675973,2101243.051813072
40,1989507.1195771783,6.87958084074152,1351119.201000121,5,56.90618939562815,79.18454790937311,2599981.887551826
47,1720701.0692187161,6.108521151806025,652165.106108988,3,34.289464279274625,71.82689605549503,4835623.664436968
55,4187170.048387757,13.428875096274925,8157406.464130893,5,39.69068519454501,48.646795203438316,1613272.5807427582
43,1442046.6108401895,6.25654855783812,444358.86051497457,2,38.66084597652254,77.4034336264029,6351079.709617421
43,1537253.165493001,2.532742908661582,166314.85906091236,2,33.22289110073559,72.08055184947432,5104358.0609686095
22,758833.5803606465,2.982491233182688,167001.10283708957,2,57.640792939963966,88.13276237696691,481926.827018286
38,1865516.1112173917,6.29332817801488,1581916.3222899865,3,45.58259777450478,80.54258098458828,2964463.6295915227
60,4690315.474502082,17.670236636428612,7290605.625939102,8,31.902604498052867,56.496728737523476,1611734.073022034
52,4737899.664927579,14.285357641808009,8447054.058748813,6,40.89503095598177,50.15542025044182,1826890.4621026886
41,1761300.064742633,4.3590349678421285,1235557.7592859475,4,74.10576748358433,71.53849338574473,3826909.8556244466
59,4775761.531228762,11.736228494218622,8402470.87664359,7,50.93502491752399,45.69562638159532,2147240.940219503
67,4271358.505705817,15.000482619079975,7459769.538332321,5,41.94392507770937,51.601885020885064,1831851.473063488
39,1584156.4952371405,8.409619663717963,1378143.73009509,4,50.390696968559624,69.62530030994446,2798892.615419721
38,1858078.2848947865,7.307953426950104,1183089.1241741625,5,41.487727302958056,79.2401996984844,2493348.4557009134
29,2009233.214961156,7.022582101667698,1056038.837560843,4,54.46440255499703,86.53212572948635,2550359.601165298
53,4175662.554580395,19.337762419095263,5813408.020659662,5,42.79960770269351,61.522931059836274,2489086.3472128543
59,4141397.9346618354,15.202164168521003,6328978.893740773,8,43.57725474249698,31.706425000903536,1750331.432469612
63,5057021.473156447,18.46210879520551,7353857.916721705,6,27.848639841586774,45.99624685387301,1265570.2307978123
65,4352437.908181168,15.606090729112681,7890783.432661634,5,43.141778082023414,42.58928302554299,1796507.0565212923
34,1147769.9447036833,3.7887852381192886,350548.24699392694,2,50.249786061620824,45.72699377667844,5781936.450319079
52,4250828.798716227,15.428947273738798,5602371.550303307,7,33.64509488206521,60.80546251552346,2725551.331966378
53,4568052.1928879,18.818353575563286,5747324.693456674,7,43.97716264990557,54.828895912424905,1439227.6409010927
70,4485829.393447695,11.590017962684325,6870952.4905604655,7,43.69971269012245,79.96960646601548,1249521.693456686
74,4793928.945696954,15.673666040993815,7324044.91012699,6,37.78064117894599,57.749526142203706,1957670.8767000048
38,1873932.726946953,5.023257679237194,407429.7680438472,4,35.805023650751856,67.8196053075453,6977368.379715602
52,4547300.863444553,17.85124709021325,7114314.874688972,7,27.271980052804636,67.71992486978644,1770915.5681524766
38,1264009.3667729823,5.288337404977854,550404.0571504675,2,33.038851017315494,44.31904204136515,6180679.18098221
29,1390546.6902961482,3.7038723347707867,401126.90728970215,2,23.44738252216542,62.376210317281746,5747310.4396245405
45,1432720.9643651447,2.7432135619255003,337434.1234963039,3,25.7414652803158,74.12501679418966,6041542.305290727
29,1262924.0995643134,5.20972800208464,543398.8037430458,4,39.57713215178776,62.08427656950273,6258023.374851247
33,2075426.2044384987,6.570814679639732,722440.9868670173,5,51.96266875352312,62.88866597769291,2383515.1432135655
33,1606916.9058539884,7.988836902754237,1375327.3676347649,5,62.1609014753152,82.149776832536,2089665.843584851
41,1780377.6320470066,4.951610019337094,1167064.4141122196,3,49.815259694726336,66.55240285126973,2759561.876209946
37,1084087.775552612,7.989156961346648,191802.94397776044,4,39.92025195051921,79.65346209847633,5675617.780563665
36,1990379.6215249714,6.479810012450893,1159362.7673220912,3,59.994240155827335,77.19887160871451,1681447.6760698855
42,2205602.2129613687,7.3170193859965105,1033497.3449225946,3,85.40776696443254,79.34449118853298,2738289.7496009874
32,2055946.3650191827,4.007671967851593,1473237.101992763,3,71.83228179118055,67.88276160979073,2085161.158082891
60,4387058.152691726,19.69763088088081,5938857.866928648,5,39.615317960002834,41.99526825458043,1765289.9899609918
51,5176181.410404816,12.563533218490914,7971457.870554646,6,10.655822516005596,45.133898241390426,2887025.3228384024
24,1709022.8661290954,6.568965867439301,369119.3959480377,2,29.24858248279473,65.83365118153698,6345431.316839685
54,4259615.421927224,15.865964084782417,5773234.858793312,8,32.57539991859181,45.938382377383114,2015725.6563471311
38,1484780.2530719414,6.424108213112593,1400462.7916704284,3,25.327525721229122,72.46018174175886,2660243.157413065
42,2067853.640656806,3.1226810952084296,974396.4289596915,4,48.61125920251306,69.71806765994768,2127720.6733667636
36,2513761.068575142,6.772131080203123,897858.9867402888,3,63.264221356217554,73.96579225035278,2219540.8036453053
46,4193761.679699091,12.520316822912768,7975058.024098864,7,39.45227523612457,51.8130622538362,2350485.3800130663
34,1363205.4862321962,7.031562132703884,187532.44561200717,2,37.518133562423216,72.61180092270641,6343930.518858112
37,1859367.4467594002,8.380946881811118,1402874.5327165122,4,56.4409500798789,91.85856897550094,2127034.489082311
49,1536713.6527632757,3.337820799835458,442162.10904068133,3,32.633444634972136,71.36617875590349,5440157.443126111
50,4850228.9417577,16.258814154533297,7173473.973675035,8,43.136658952269634,54.91543027282048,2122158.252423605
27,924231.8920373493,2.3683450643175203,133146.3239380954,2,56.92970841657434,95.25801731725466,768806.204581724
43,1706522.9910086945,3.839103715326046,214818.1449287468,4,37.28374681685088,63.50505701939816,5184609.011969628
15,754084.8402414101,2.091421172037799,281012.6269186182,2,50.00825744634182,88.56124615518118,317812.8047533431
37,1751751.2408264512,7.4913932905702945,1459501.926863754,5,58.667506570098666,72.66358560038677,2944623.859821839
30,2018193.7473590237,7.951896756660088,877052.701668625,5,38.23519906945666,77.90222393870826,1392901.9670716433
55,4942131.918444891,13.170434885517164,7413953.001594063,7,39.91117372718268,47.8918913760593,2524658.6238350305
44,1465345.5526538363,4.39496017910067,1192120.8234081739,5,68.4932855363979,72.02390892879262,1955102.701547341
41,1545542.168923859,8.168300205819753,1474891.259796329,5,72.4860919171281,77.87115941184214,2114348.0642662058
37,1936972.499261806,8.53500834720808,325162.44040877966,2,36.25186970300312,68.77668399424178,5712247.28931474
47,1431539.6964517257,3.3793817060629134,410507.6739959559,3,30.273984583182184,52.19955481844756,6000522.333536161
54,5177676.174187127,14.335429841572203,8652407.996586176,8,26.46182892087033,64.85965220051105,1407133.289162262
39,1390860.840513458,5.47651620442882,805354.5315096573,4,53.910777773923755,69.04741625701153,1715588.0036699155
48,1352926.0729242403,3.582228415670046,436114.43699445017,3,46.98538999534006,58.20097224760047,7559349.695678733
42,1887264.8338480697,7.431705088988799,1037936.3890555943,5,57.40873237073678,81.7857400616336,2354399.8214558004
20,949695.1208464452,3.806177028615671,271226.2827578776,1,44.281978157615356,81.27132019851142,383233.27971414564
23,780315.9380394066,2.4922711939191933,415791.21144440543,1,41.14718722835643,91.60712199420048,424335.42613827466
44,1865922.621663701,6.768079795973635,660723.1088484083,3,64.88219349067735,79.48309551676545,3418279.1005442073
40,1409072.9384344202,8.692766386715574,1222985.9300070223,4,59.00124819715057,77.90465845444734,2058744.8818471278
23,909431.307800098,2.479163228927482,233796.5070506016,2,48.25631052597433,90.37094089475121,563698.618334032
26,1905085.1061080827,6.566130854914203,1229313.3288774479,5,60.83290504173092,80.66846549722645,2143984.417606412
34,1384224.6858977673,4.379880037945088,453430.82862106967,3,43.9449858082841,73.99747313421453,5145675.735264019
55,3514588.957908359,15.085453538689364,6336705.955100594,7,30.75389700648709,62.70462884186247,1994956.3045382926
42,1671668.908406973,8.216147494898477,1364016.161749625,5,65.99980118294195,75.10577400625108,2875743.892144618
36,1324151.2358197419,6.584729544661112,484469.03555760265,4,30.016819517934273,67.4760644112027,6876167.881817582
43,1969380.5521158527,5.166198301491212,1479600.719834636,4,45.65794499248055,83.49679188800894,2493401.28074847
36,1514572.5596516766,3.8988630409994443,251754.40018635668,3,26.335030659181907,61.10392848317682,5556325.159564637
36,1622137.6911186953,8.032780416256214,1486646.5854342664,4,48.499422623337544,74.43856727360418,2131807.5920505114
48,1754083.0809617485,4.6524702351036336,514911.0560066991,2,41.02009513203311,68.16792929203808,5930173.482508518
51,1741728.4855805505,7.799124875907418,839031.7397616269,3,79.34889271754716,78.1436583547222,1980909.4663419658
44,1356654.3117133747,8.852738229560888,499574.71889514965,3,41.604437724341,79.58708427933865,5629134.9435634995
39,1967327.5730772077,7.348031744645239,722553.5207040778,4,50.32286664936283,71.6781737426687,2584675.798986653
46,2034997.2981371814,5.4604683927046445,931146.2686710663,4,48.49187040136455,72.5142613719922,2363381.7450287244
31,1135628.3829674637,2.122775667518161,384570.76400968694,2,49.593137913760955,87.73576937942441,441446.84789883805
32,1805289.1114748453,7.31060541692987,1023161.353738524,4,62.79902946729304,78.61161666043402,3319970.4373229104
41,1581265.4521611154,6.767876811729805,469009.9502278209,4,30.469616916716333,98.62775405984566,7481942.698025268
48,1820294.6553923523,6.424286943089088,270620.33205986605,2,37.55491087726008,61.21664411710189,5410573.01994983
30,899876.6540940335,0.8344627283124466,221352.7235916991,1,72.48077739007458,96.94250930172552,350011.3852902142
41,1540147.1413984015,4.882855883866879,827745.6044687005,3,75.46199363025627,77.03883311570952,2016940.807540115
51,2040121.044759544,8.947023815860879,877460.0876541302,5,61.7337426520899,81.68579440256599,2396869.1006993908
37,2021136.872040346,8.694329093317616,1024695.0564502387,4,58.67262487953585,80.24977500029787,2521607.8325178535
40,2287305.638047817,5.327265957987906,1415312.7988542328,5,43.14078119386404,82.56752681477913,2277874.8720278824
33,1991035.9054199164,7.530304500396829,1456968.1298736217,5,62.05933208296556,62.24802496161643,3123927.115119897
30,730358.3017554532,0.7851710711890452,442457.92400950775,1,31.412923400702667,95.67937815752028,342467.44820465974
26,779209.3953411953,1.2739565418224923,283927.0792594235,2,63.08411767968174,89.69334577220349,511195.4455186706
44,1526415.3388398772,5.871798383137554,1521979.288647525,3,67.55939359694608,73.16270322489974,2943818.0124896048
27,632280.1826938693,2.7044353983341285,58384.404257502785,1,25.90652939657577,86.79654074994203,660536.562670288
34,1258777.1997802942,6.521876957418503,1353264.3295767792,4,59.181721984887446,87.64749373700482,3820059.4727945183
31,772485.4127134185,0.3821809934304381,225151.3768115393,2,40.204658011365055,94.5024974709826,704470.1391088922
45,4880474.527370982,20.31516421246834,6457434.269484414,5,42.915310345681306,31.930948942181058,1364346.317311475
40,1800056.5433137356,2.2092570563336187,326916.29367867694,3,26.912201024026224,57.535266133895824,6015842.706373877
29,921881.3909686656,0.8153205919821349,270288.37994764314,1,37.39213782044545,92.92625549400803,686246.3035244885
29,1184716.01350482,1.3106773789914206,121547.93495511526,2,39.67922810542951,92.38433957515154,364431.60586725525
22,682524.7807076037,1.570162613731607,260533.19906391943,1,22.41306758889847,94.62660107024908,589739.1916216591
40,1483289.1660617918,5.335486414431892,615928.6621826158,2,40.65522656625901,79.86859004721958,7610512.275442807
23,1063565.0462627343,1.7050613500105258,292220.92786964646,2,29.595564816433303,89.01159876182885,518906.34814603935
26,1719515.9443150747,4.849848695320308,1224008.7953046926,3,48.387544541318185,98.00125081966584,2828391.0505394796
52,5218594.934958857,18.934061157510044,8015691.146593865,6,32.28614627102439,69.14765337139437,2468154.8955195895
63,4578101.135548779,18.475015444327163,6349887.137852425,5,55.44157972482317,64.21965429391105,2170481.8728510616
40,1821940.1210984068,5.735599742889127,1012053.1270889479,5,52.18405174283045,69.40256316934767,3012126.020728665
58,4187529.6027575876,13.060665736894617,7068777.08796496,5,31.137696137949774,53.035443796952215,2072944.1999831821
35,1749135.3753736794,7.755977486302523,1364681.4344327345,3,49.31991594497154,77.48695631481397,2603215.9605021183
47,3997908.2237078547,9.813952528898682,7018548.475539797,8,47.71562070454827,59.10648520967336,1418340.5277406129
54,5575924.493314585,17.836211294499016,6522188.627490936,7,37.89282151661197,63.70539853463485,1453476.2138660334
37,1793925.492700699,7.8046407379127345,1113897.320075508,5,71.55355936022157,57.158253189415234,2914662.0402923147
43,1565666.935336394,10.734916878838579,403822.1548005396,4,37.25052460167014,65.31317129311195,7024882.329787049
25,1114032.3218409056,0.8237824652331431,312626.3248807386,1,24.583819573409656,96.73758583858414,499619.92951916426
62,1780450.3519174382,5.489739026687468,663537.2948616502,4,28.60949866653059,59.48549479126478,6558705.5437256005
28,952700.6562166933,0.7166574380059962,365754.8696700528,2,48.67717627069908,93.30275434970292,124751.4258053574
43,4787025.57889216,11.902457610719399,6450818.756780041,5,42.57816938372461,41.220611886866955,2182394.3131881943
35,1894752.3734318577,9.757961050227108,1212412.7467375116,3,52.650390410799815,75.38897251372435,2838778.849119999
29,960020.5197630743,2.6619583563845266,329928.8553472264,2,51.9944821763663,91.79080899742675,449151.04012640513
23,964829.1552719506,1.4481983254715776,480446.55964546395,2,46.93056630376763,88.31677168903936,533059.2735305659
25,761113.780213452,1.4118139993948524,249038.05087488098,2,39.60641197989155,93.04593195618116,620852.479505143
43,2039511.606324103,6.9451612561631135,1285397.265115326,4,72.82341379002892,72.43902013199188,1902417.131277092
27,815988.4835295519,0.7818922516107543,141492.07060273716,1,37.714236521724075,85.39658410576824,585085.2809886378
35,1737755.444547672,6.1565753207024185,1022634.9200881188,3,39.997540100948086,73.90871644540138,3660847.3100181213
29,1651392.141733059,6.37923557655682,1596048.310702984,3,69.29735823908345,79.61869069409973,1714098.8603321754
36,1975539.9016793172,6.156805443224011,1147980.734678165,3,61.10928831475853,79.76293788112747,2199269.1397490595
26,1117860.4681421022,1.2985077006136518,340121.4820788578,2,37.40581244517492,80.27114667382814,624573.3138433456
33,1399737.387354863,3.3951740424895736,254841.42629548733,4,45.74095790327855,71.14378378633648,6842200.652226542
37,2112800.3239623206,5.442892081593498,817126.1259872189,3,45.7172958872879,76.63550773729725,2461749.139402379
40,1850799.8153015005,4.848757745660554,536089.8604274621,3,44.48626357643557,77.97771797824257,5368021.855466073
21,903906.3332476568,3.1773830745175644,108778.93285765793,1,50.49900827272229,83.76303879858062,832067.1703129853
40,1800464.103151251,6.551936798783657,433886.4881139497,2,23.405397444405864,70.94163422756995,7113034.1829622295
37,2101305.6955970456,9.790851946140476,1659216.8593205395,4,72.94216579107808,76.80044085236617,2149732.6646875073
59,3750780.287956566,11.421129180301058,6954549.609509189,5,46.62827075345364,63.11250517659326,1822182.3635312663
32,1280372.8890858702,2.264844957688811,544527.4890385969,3,56.17183197450076,59.041656212534946,5644534.17121681
49,4008966.881686716,13.662623424983611,6968669.482768111,6,38.22557121884944,60.6325903317962,2415136.735491471
24,849207.1421700792,0.856983129220708,237715.57066903572,1,47.01848952172854,86.78459049975469,335129.8332984835
29,1440359.2520911582,6.849771123324643,558960.3859885854,3,43.97887797703309,87.07013642850717,5946914.52621155
37,1507499.870913053,7.563271753875997,1636087.2578059274,3,70.16421489304348,62.66279091086287,2259371.7013786244
37,1740231.3557455842,6.609799516258774,502951.7189032652,3,37.42966516455728,81.04264354293113,6017318.532259716
23,890805.5226720152,2.548883217073022,229078.79011341353,2,44.28410641246802,83.14729748495552,408933.0801976731
38,1417406.7789996448,5.664875494693074,1701348.7414302612,4,62.57064288981375,82.78163562864702,2266230.587176045
26,981373.7479126957,1.360150659861699,263014.2862199507,2,29.666284268209186,90.10797970843056,566729.5549731622
22,627335.8455071506,0.6253001502459641,155016.35998928765,1,29.6772914001094,85.2902569256505,448064.675544031
31,1646599.1017511075,6.764521023445228,131787.14028186107,4,42.855467999616415,78.32182072215059,6202528.993032858
40,2057972.2233110953,8.175246507599777,773837.7564245826,3,65.2226302801699,63.63831776745108,2013524.096337132
28,607662.72829263,4.145589753727959,404960.1232941628,1,53.99425133764436,91.10472628600495,760250.4497077405
49,1739687.6703668307,9.598737359509636,1343010.9521345943,4,62.62545841618596,78.96167526836251,2341938.206279486
37,4639987.80453022,18.023315456859244,7414154.039634277,6,35.34778372302356,42.90737465881101,2516498.3525474765
39,1590305.469944987,3.6268055762060274,440903.26272117224,4,26.305455951421273,59.17542300272366,6601704.935518998
35,1492343.842077414,2.9269222636176364,652312.1466044893,2,41.14388118462822,79.80155316654502,6204851.268698089
53,4175500.616016451,13.025978231271495,8582523.729635185,6,36.41522042603317,65.19345813832443,1819359.8383917098
37,1830581.5594324965,5.496906913729395,1038967.5372651927,4,64.56264389838073,84.64424437257081,2433587.4348032717
61,5355931.01353061,12.42999067005412,7688459.143418485,7,30.64501954758404,54.33302687189299,1401438.558962624
40,1904442.7481649732,5.51972134668725,1279177.007908755,5,63.74372081329343,83.39957153537296,1941475.2508095973
30,1894762.6817876939,7.095913946261757,519785.0436324817,5,68.83499430410899,84.68742277115149,2681577.84028006
51,5504763.711786699,12.699453827963415,8969219.488302967,6,48.01327620204371,60.54812081535037,1075128.0377000987
39,1625836.4422901075,2.8637908487566506,273330.5259387422,2,22.582305017582826,66.81833052300877,5413142.309891253
31,1464274.2612603663,5.202873951253056,271414.52581646055,3,32.05138240881523,68.23855578703456,5515528.391010876
58,5150406.321905415,13.758466527312795,5686017.993645523,6,34.81966067257643,52.749658410918315,2800029.5539960866
23,720879.4518540457,2.4930377698822266,383699.2745864898,1,47.6550045389062,89.63519824904765,600980.5096995207
28,854567.0045789897,0.9059296768307339,339653.5182845554,2,43.774048157280845,90.18562208274317,543166.1580912939
34,1847448.7650997667,7.100025407750678,886864.726362681,5,56.326761498728956,67.23196146185326,2325609.955526281
35,1447591.0641832321,8.389050419368573,1009381.4024240944,4,64.46270018382384,67.47757580105512,2304992.931616278
63,4805539.420900124,17.11445429149886,7871989.796266446,6,31.146189507346897,66.37863596048555,1538387.7594687992
60,3862922.834179092,15.853968352142509,5980329.121181322,7,44.12884087558495,71.44544441170078,1528114.1474446207
39,1410372.6116895722,6.674304210017061,458161.6749919319,3,40.22253569664271,82.06295604323489,5853612.617417687
49,5253869.94062528,15.44734985029327,6415257.547437151,8,42.995088137141394,68.41084225981311,1986528.6477227518
28,972809.0601250265,1.5317890815299413,263664.2439452575,1,43.40908254182218,92.81194952354504,546341.037927043
55,4249545.103904952,13.926816513738272,7855295.598204094,5,40.861952454904,50.995660080645976,1375152.3013732228
27,2013320.922987396,6.470857076315572,1062147.7394569004,3,34.10368682313182,82.35818404226731,2809651.4036391587
44,2106535.819047291,5.023113445172078,580508.8413876407,4,55.25146991925152,74.61231260219776,3265999.1140966835
58,4344023.76643408,13.284038681110916,6897246.53470968,5,44.23044663101321,49.63281972644529,1474824.0699464185
41,1622988.0154809928,10.413890571026133,1676420.7095328514,4,70.9540574257252,83.9120011389395,2731095.35651333
22,676531.8780381482,1.9380384546188383,319612.38781578623,2,42.452143247272716,85.95733273084836,609770.0080456254
27,869013.4802565267,2.6983910626400633,155509.75721354273,2,43.54290658460266,85.32202464568134,348242.5966024813
24,1003362.2732199492,2.0990249202492914,333975.5437284439,2,49.38869598119399,94.03863290288426,646665.7713600912
39,1764017.0444898917,8.15710576292274,1005210.9065136735,3,49.286339198909175,80.73680974317222,2853180.294633691
24,903477.142329377,2.069096763213836,277205.2743302021,2,36.18453262188517,96.05910718908726,446954.2911657442
60,3412628.169236514,19.6484712125475,7023306.910232548,8,45.902124975492576,49.40259484641902,2095217.899764399
27,814805.1012352704,2.3481057973663066,157806.10048168685,1,53.92085913600965,85.10301768678177,374226.78125023143
49,1842110.0530410975,10.439637901345748,1236019.7221393017,4,42.12454346491958,74.78512284773123,2705305.5577128828
24,866435.1133948048,4.287607270921066,428037.76626185264,2,44.9170358508772,77.53574306426749,600651.8125209856
42,2103868.8046542183,8.886091167784201,1461614.746526887,4,66.4514589857339,62.62741589874038,2599327.4616039325
31,1229134.4870050014,1.4532925774695253,347115.4797322531,2,34.0905040629808,61.54826138167291,6176227.858857761
50,3622877.9838750856,14.481195233459502,6214798.19359112,7,47.49667194074098,45.02615681965372,1084105.3038896732
54,4853364.856591534,18.018081767059854,6498535.604357232,6,28.500463163607535,46.17106274750724,2146220.112818821
52,4971174.799702406,16.211425549324737,6555931.921977771,8,46.37265947860439,60.25069540496513,1645732.248960782
37,1955653.8982044647,5.546530049703777,618322.5561913888,4,65.74894383451431,72.10418594328927,3160038.0096342834
59,4377994.8628695,14.706486469382398,7589750.580668639,5,42.16690891272608,55.769782161402794,1842454.435210209
42,1629506.931457775,7.123820019693959,346932.7851323255,4,36.31898057825539,75.3012304477201,7081474.873440917
51,1659130.6919395288,2.6714036356710937,279009.93092187773,3,42.34856421706113,44.867245411082855,7520529.54404085
33,1769374.9071527696,11.71700467261953,1421850.5197985647,3,74.93763857540075,63.53109218663943,2618959.6072218902
36,1321432.3807257153,6.261914980875788,517156.916989073,2,27.109498254372056,59.248833927193196,6416701.798899328
41,1526988.6434845189,6.888293363600234,787421.812901473,5,64.58322822286024,82.8216599810284,2559122.3344449415
37,2070016.2931727963,9.04257323917853,1306669.414932743,5,48.192583147325266,76.47361757386747,3144317.5409703543
27,825816.6691150411,2.234857015158613,224205.79227560147,1,46.18700410395217,97.06353201470411,526042.916754493
43,1735981.7229803558,5.852705063234455,619286.3277518665,4,42.71638079381105,55.06081637364662,5265845.635914308
43,1765800.0252353775,6.462513092416985,834913.6125857257,5,34.258891134113405,69.99724634749846,2059625.9818935315
34,2153849.899293555,5.089648680196056,1246657.571632249,4,25.652694538772096,78.76858131435942,2650288.4750035615
57,4829872.570440728,13.93162814784681,6881113.071584905,7,45.87974878528388,68.76342897974475,1534544.5694783563
46,1370369.2457910331,3.3961315389688744,339072.06129513995,2,32.13597842410857,71.80785806430809,5357935.462204285
38,1918133.1204840934,8.796035532565911,1736299.917691812,3,56.50232925397071,79.80096383614185,2236377.354883078
30,1821570.0873910561,5.0431506450961106,1511486.7824606597,4,74.46740200413603,71.93754925152447,2307927.1346632154
28,976407.7610362174,-0.004488701756353741,207647.2296985293,2,40.856491798318444,80.39296156265553,305731.9324797288
45,1888275.9745376543,7.383044878738803,297702.34870821645,3,25.772918260088503,76.33666987698182,6269614.1562279835
32,1806209.271056526,9.653292214615112,1206083.948078955,5,53.840080790181794,71.48010701001355,1556171.0692894512
43,992636.2685888556,7.5013157310283916,1020026.8989139738,4,58.64056426179319,83.96470497394543,2678352.74842118
26,808538.2320637685,1.9044182373954228,282209.1711411935,1,63.8852114974733,93.23531838088032,647879.57245531
31,1114635.1643990728,0.3944066767573755,269625.6832970669,1,52.01293617205187,89.54386459321786,599423.043998233
47,4359942.0277245445,12.830615351693153,8103553.394131267,5,47.03682190947215,59.73226994374501,1886517.8775443714
27,781672.6564614156,2.4146463184540523,251461.38140777824,1,50.014474924553625,91.04898379182094,306688.44145418575
42,4608029.521338505,16.255831439864796,7203034.010536053,5,47.820388101514496,57.48509012149016,1874790.5928652922
18,923801.0723526435,2.312864802180994,320838.59008470265,1,47.41446519680697,88.41966438485181,881119.4919155487
36,1219185.7420405054,6.223237019605031,1345313.974729534,3,90.84042796344059,71.86275974110374,2015211.9170409567
53,4836717.318855433,13.159351349721117,6093333.322650013,7,32.002725109472166,47.929415459496454,971586.9680112
29,776106.0479276112,2.2919829849353337,513345.8686169665,2,31.101298638241374,99.374763942779,752836.6737365047
43,1946399.8628776432,6.498911533530457,1106513.729302164,3,56.62378647659602,83.88199719462787,3100477.9120768537
56,3848190.708064802,17.751087550111027,7096682.065301453,6,44.61793261938945,41.10390465661751,2040613.6328344757
51,4542204.096114897,12.166576414068752,9520575.574644146,8,45.51238611142565,40.03400597998772,1503946.5104488537
23,1080578.8285911642,1.8094393111416498,324283.9843477374,2,38.729534773853146,86.11730092448852,142159.352309848
33,1534138.818349649,8.193175446011793,1633522.1993793338,3,49.75503949947449,89.29983877261044,3666024.2289977623
44,3937810.6354269427,16.269446412856734,7547533.553601412,5,33.95798384475884,47.72652179363401,1825965.6673878753
35,1556289.5382640252,6.082737970765228,365177.8534193047,4,33.499968213628975,69.09324379823735,6181903.387122088
25,876581.8335937686,1.5980417952824286,375543.5098936945,1,29.054227556290456,96.63487265101261,496889.0903885099
42,1540179.1382675855,2.097771009548504,552778.1019871084,3,34.199325958877196,55.760876263244256,6647304.8182173595
36,1281281.713670184,4.229864826572459,1211758.2074493596,4,69.76336558468194,74.94220082236637,2546778.5109940846
54,4561383.533681963,18.097709410620737,6740577.414126175,5,35.757785564004124,56.86336731969922,1789185.3973865758
51,4132200.93442446,13.758956295885241,8184893.279260704,5,33.067372575194355,67.68803235181127,1710913.6493420466
20,599567.7312734672,0.9456823225863205,447304.4576682484,2,71.0233524014312,97.17271524619623,364782.88816543424
54,4223818.593618384,11.161580835472991,8236950.157889638,8,42.164748334217194,51.57274847063184,2155547.520464545
22,715094.4355119737,1.913214221942689,202401.12963553856,2,46.78526166102026,78.69355342359711,483557.97361763753
47,4797466.7058096975,12.225523739816378,7094247.695051103,7,48.9324813901698,57.70234779104565,2245913.950128229
25,962726.3743401078,2.814643866505443,368223.93642150576,1,42.03019887631136,85.766759060778,572263.9580334863
25,838486.5027023671,2.43011807914753,132087.87779901217,1,39.43730324499987,85.55210882911676,707494.8266505062
38,1518161.8472703302,1.7003266635281138,454613.64876721,3,39.69229910444146,41.14746842790504,6799208.492226077
34,1613163.5097192829,5.10052375851393,866442.6493929086,5,51.7641331798353,72.55936203570259,2863876.238817637
50,1523496.1697567394,2.2410584919911694,336964.1405695454,2,41.87681410333913,53.47309445745498,6120201.811669723
38,2064755.4907389504,6.74671231322125,1285017.1211952309,3,63.835551776435395,65.63750536479793,2935194.5992858596
60,4768981.435576834,19.815893398608186,6844023.709114683,6,44.374521626367425,65.27144287732449,1685719.2318932794
50,5554339.265161741,16.079768840916056,7559019.537484299,5,33.13322915716467,41.087330207544596,1642682.0468704705
35,1920585.0909726438,8.502059709190595,1586991.2965044312,3,52.89009767227573,69.14261279119293,2428819.8258250635
54,4973308.481251812,13.297745434069958,8538326.150009489,8,52.50807091748023,45.34469543228473,1440886.1803796247
58,4388517.690050305,14.82790592196307,7833578.78682773,8,47.963101509275255,47.56711522139301,1086801.820194826
